Date,Time,Global_active_power,Sub_metering_1,Sub_metering_2,Sub_metering_3,Global_reactive_power,Voltage,Global_intensity
25/03/2026,00:00:00,0.2878160297785073,0.0,0.0,0.0,0.10576433201125149,236.79524732940666,1.2088273250697306
25/03/2026,00:01:00,0.4019341228221469,0.0,0.0,0.0,0.023680797739318506,239.98993602804703,1.6881233158530171
25/03/2026,00:02:00,0.2930353177688535,0.0,0.0,0.0,0.05575575292248228,238.15164022464194,1.2307483346291848
25/03/2026,00:03:00,0.2400946264706268,0.0,0.0,0.0,0.1609293226335656,236.64791807610746,1.0083974311766326
25/03/2026,00:04:00,0.3194530634320513,0.0,0.0,0.0,0.0400873736671473,238.28111008565273,1.3417028664146156
25/03/2026,00:05:00,0.39726482369776817,0.0,0.0,0.0,0.13504209863653813,238.33338742090976,1.6685122595306263
25/03/2026,00:06:00,0.44623420434184424,0.0,0.0,0.0,0.13767308319126775,235.60739204916868,1.8741836582357458
25/03/2026,00:07:00,0.41716935767032065,0.0,0.0,0.0,0.13763520950720629,235.54460455056957,1.7521113022153467
25/03/2026,00:08:00,0.4401041421336858,0.0,0.0,0.0,0.010842360564443654,235.52531538345204,1.8484373969614805
25/03/2026,00:09:00,0.36240763916288476,0.0,0.0,0.0,0.1469606292697316,240.0124373768798,1.522112084484116
25/03/2026,00:10:00,0.4435922840151605,0.0,0.0,0.0,0.0423079635273395,240.11249697741263,1.863087592863674
25/03/2026,00:11:00,0.42067348347292144,0.0,0.0,0.0,0.10955427847387361,241.6424544957584,1.7668286305862702
25/03/2026,00:12:00,0.2996024778207237,0.0,0.0,0.0,0.0282490132142321,241.31661643146177,1.2583304068470396
25/03/2026,00:13:00,0.33836555027338566,0.0,0.0,0.0,0.018530353402169686,236.630404862506,1.42113531114822
25/03/2026,00:14:00,0.46230240624192365,0.0,0.0,0.0,0.10054812518127645,238.37036532630881,1.9416701062160795
25/03/2026,00:15:00,0.46501746560566454,0.0,0.0,0.0,0.17789799501833992,241.0900852471534,1.9530733555437911
25/03/2026,00:16:00,0.2271413392920009,0.0,0.0,0.0,0.17832764377696875,239.62840304938703,0.9539936250264038
25/03/2026,00:17:00,0.25284904920415985,0.0,0.0,0.0,0.014554464278759838,235.73147352635667,1.0619660066574714
25/03/2026,00:18:00,0.49254431066546794,0.0,0.0,0.0,0.010368970148287571,240.85886675273775,2.0686861047949656
25/03/2026,00:19:00,0.30796183107721237,0.0,0.0,0.0,0.023229267522492505,235.23987972912036,1.293439690524292
25/03/2026,00:20:00,0.327166787401607,0.0,0.0,0.0,0.18144297854452454,237.9493640342053,1.3741005070867494
25/03/2026,00:21:00,0.49896967198347686,0.0,0.0,0.0,0.1897000601770238,237.79199362440698,2.095672622330603
25/03/2026,00:22:00,0.22777242383375595,0.0,0.0,0.0,0.10698700204875605,238.9006192647131,0.9566441801017751
25/03/2026,00:23:00,0.21601980144191144,0.0,0.0,0.0,0.17076071666227333,238.72080784384468,0.9072831660560281
25/03/2026,00:24:00,0.308883696706319,0.0,0.0,0.0,0.13125978352864784,239.118273413942,1.2973115261665398
25/03/2026,00:25:00,0.449306790982708,0.0,0.0,0.0,0.011157130561845086,238.1345485484752,1.8870885221273737
25/03/2026,00:26:00,0.4656717541577093,0.0,0.0,0.0,0.02523886764992782,235.2667760710742,1.955821367462379
25/03/2026,00:27:00,0.4167294229313888,0.0,0.0,0.0,0.10196647599636771,235.06020802177036,1.750263576311833
25/03/2026,00:28:00,0.37302795997483135,0.0,0.0,0.0,0.07982818089464515,235.8922221048819,1.5667174318942918
25/03/2026,00:29:00,0.34232068703923624,0.0,0.0,0.0,0.014693876603965352,239.69074144049145,1.4377468855647924
25/03/2026,00:30:00,0.4634173195385877,0.0,0.0,0.0,0.03294604433706529,240.78144540991087,1.9463527420620685
25/03/2026,00:31:00,0.41524001791454,0.0,0.0,0.0,0.1973449595053237,235.78342969554583,1.744008075241068
25/03/2026,00:32:00,0.44118248431288487,0.0,0.0,0.0,0.005265493270604971,241.88856951801813,1.8529664341141165
25/03/2026,00:33:00,0.4596174751412642,0.0,0.0,0.0,0.16350792281504514,238.56797175275088,1.93039339559331
25/03/2026,00:34:00,0.23332123409910305,0.0,0.0,0.0,0.02620567025836227,236.46440968173306,0.9799491832162328
25/03/2026,00:35:00,0.3176181107623002,0.0,0.0,0.0,0.06653272102871344,239.92674849010442,1.3339960652016607
25/03/2026,00:36:00,0.23719929029944908,0.0,0.0,0.0,0.07532562865720978,241.80501828453313,0.9962370192576862
25/03/2026,00:37:00,0.37441668436123404,0.0,0.0,0.0,0.0674674056694194,240.86324376510072,1.572550074317183
25/03/2026,00:38:00,0.46575562616626176,0.0,0.0,0.0,0.05137317790829783,236.10875619380684,1.9561736298982995
25/03/2026,00:39:00,0.3125851140002732,0.0,0.0,0.0,0.1355541534476858,240.87346516152672,1.3128574788011476
25/03/2026,00:40:00,0.3439788866502189,0.0,0.0,0.0,0.1491240900477305,238.3952563493561,1.4447113239309195
25/03/2026,00:41:00,0.2665122606947231,0.0,0.0,0.0,0.03841444159007099,237.60069476864774,1.1193514949178371
25/03/2026,00:42:00,0.4052731510336237,0.0,0.0,0.0,0.1395616472212637,236.15358851321707,1.7021472343412196
25/03/2026,00:43:00,0.4529057996832581,0.0,0.0,0.0,0.0029004431210624794,237.77312054435237,1.9022043586696842
25/03/2026,00:44:00,0.3117266819526486,0.0,0.0,0.0,0.023646934802593146,237.44999182533786,1.309252064201124
25/03/2026,00:45:00,0.2715934119222946,0.0,0.0,0.0,0.17388687801386726,240.52798624009932,1.1406923300736374
25/03/2026,00:46:00,0.4856715843673689,0.0,0.0,0.0,0.03122235228405943,238.75598014990354,2.0398206543429493
25/03/2026,00:47:00,0.450761447002517,0.0,0.0,0.0,0.13810787514936657,241.41586575522484,1.8931980774105717
25/03/2026,00:48:00,0.47108815953677463,0.0,0.0,0.0,0.05772843250217681,238.7236401597726,1.9785702700544536
25/03/2026,00:49:00,0.2550806667452761,0.0,0.0,0.0,0.1394965215190215,235.85224587708947,1.0713388003301596
25/03/2026,00:50:00,0.48467420730419275,0.0,0.0,0.0,0.09883244713203874,241.01710778342212,2.0356316706776094
25/03/2026,00:51:00,0.40621935824182,0.0,0.0,0.0,0.0231106293249165,240.03802020356312,1.706121304615644
25/03/2026,00:52:00,0.4319148403450137,0.0,0.0,0.0,0.12430721230213056,237.32320979901067,1.8140423294490577
25/03/2026,00:53:00,0.3090622414524976,0.0,0.0,0.0,0.15616621554198756,237.87843571024626,1.29806141410049
25/03/2026,00:54:00,0.32940430316116487,0.0,0.0,0.0,0.14416559489092662,235.5106350287718,1.3834980732768924
25/03/2026,00:55:00,0.41615747865259495,0.0,0.0,0.0,0.10890938334834797,237.5725092234413,1.747861410340899
25/03/2026,00:56:00,0.33365750365444535,0.0,0.0,0.0,0.11805202513948694,235.78815990940657,1.4013615153486705
25/03/2026,00:57:00,0.4465072583592602,0.0,0.0,0.0,0.13882861341839417,241.9728609288524,1.875330485108893
25/03/2026,00:58:00,0.4342643976383607,0.0,0.0,0.0,0.1207298444720608,235.91880319653526,1.823910470081115
25/03/2026,00:59:00,0.47167807808738654,0.0,0.0,0.0,0.1048486968718809,239.1780871158525,1.9810479279670237
25/03/2026,01:00:00,0.2991759074343499,0.0,0.0,0.0,0.03718492903269599,237.0187270610349,1.2565388112242697
25/03/2026,01:01:00,0.21526861812615364,0.0,0.0,0.0,0.084312241498113,235.71963197317143,0.9041281961298453
25/03/2026,01:02:00,0.40041335348624885,0.0,0.0,0.0,0.030111668043131635,236.2670707961117,1.6817360846422453
25/03/2026,01:03:00,0.3565974422299878,0.0,0.0,0.0,0.18021033095472755,239.7847403379148,1.4977092573659487
25/03/2026,01:04:00,0.36407468267398063,0.0,0.0,0.0,0.11395500535622285,237.21166271830882,1.5291136672307186
25/03/2026,01:05:00,0.40466988420501915,0.0,0.0,0.0,0.1925126343586191,235.51502557985899,1.6996135136610806
25/03/2026,01:06:00,0.22513393014484123,0.0,0.0,0.0,0.03564167872327291,240.85249863337108,0.9455625066083332
25/03/2026,01:07:00,0.3059677893361521,0.0,0.0,0.0,0.159550048885897,239.25040065639783,1.2850647152118388
25/03/2026,01:08:00,0.22774395629425206,0.0,0.0,0.0,0.07086431853958564,235.84279780817116,0.9565246164358587
25/03/2026,01:09:00,0.3449342720915086,0.0,0.0,0.0,0.021384557536493,237.2512731436897,1.4487239427843364
25/03/2026,01:10:00,0.31157463821377396,0.0,0.0,0.0,0.007861485090900478,240.82878342055102,1.3086134804978506
25/03/2026,01:11:00,0.497636922928255,0.0,0.0,0.0,0.10659925056537388,241.900307272017,2.090075076298671
25/03/2026,01:12:00,0.27987217091553024,0.0,0.0,0.0,0.12568817176582,235.59712473972564,1.175463117845227
25/03/2026,01:13:00,0.3253355794693905,0.0,0.0,0.0,0.14260200786729677,240.22010929148504,1.3664094337714403
25/03/2026,01:14:00,0.33708666991053227,0.0,0.0,0.0,0.09345295960598021,240.79025404582347,1.4157640136242355
25/03/2026,01:15:00,0.30328758469170036,0.0,0.0,0.0,0.19865518414931627,239.06768864443922,1.2738078557051415
25/03/2026,01:16:00,0.4361788305559743,0.0,0.0,0.0,0.019232482288363495,238.09401700276473,1.831951088335092
25/03/2026,01:17:00,0.22764650360453617,0.0,0.0,0.0,0.16998889345334078,241.0097829842952,0.956115315139052
25/03/2026,01:18:00,0.23137654948532266,0.0,0.0,0.0,0.19728543500244425,235.62384476335794,0.9717815078383552
25/03/2026,01:19:00,0.34302984524218544,0.0,0.0,0.0,0.01136111091333254,241.7534707869186,1.4407253500171788
25/03/2026,01:20:00,0.3556356815500704,0.0,0.0,0.0,0.17409750410979752,240.25066231502575,1.4936698625102958
25/03/2026,01:21:00,0.3999092537067773,0.0,0.0,0.0,0.15639952767078003,236.12301602412998,1.6796188655684647
25/03/2026,01:22:00,0.420036272113598,0.0,0.0,0.0,0.08052986026303262,235.62479573132507,1.7641523428771118
25/03/2026,01:23:00,0.4072679017235111,0.0,0.0,0.0,0.10077117216350993,236.41967828566962,1.7105251872387468
25/03/2026,01:24:00,0.36707233648628623,0.0,0.0,0.0,0.13033645432214716,239.1260699640163,1.5417038132424021
25/03/2026,01:25:00,0.2356247381876267,0.0,0.0,0.0,0.15691952543677645,238.9761909707028,0.9896239003880322
25/03/2026,01:26:00,0.35944576502594555,0.0,0.0,0.0,0.18077857118301752,235.5990361124775,1.5096722131089715
25/03/2026,01:27:00,0.26626825182316627,0.0,0.0,0.0,0.011043367865863863,240.6523082680876,1.1183266576572983
25/03/2026,01:28:00,0.23498386865918125,0.0,0.0,0.0,0.16175515886381522,235.59022068424912,0.9869322483685613
25/03/2026,01:29:00,0.4469867042512965,0.0,0.0,0.0,0.032692281895067836,237.699885461534,1.8773441578554453
25/03/2026,01:30:00,0.4811350681293671,0.0,0.0,0.0,0.021906902009326434,238.8734980593402,2.020767286143342
25/03/2026,01:31:00,0.3962686520116324,0.0,0.0,0.0,0.07270508397804465,239.90374890773168,1.6643283384488563
25/03/2026,01:32:00,0.3257101398267722,0.0,0.0,0.0,0.09552979402543356,236.87624662940476,1.3679825872724434
25/03/2026,01:33:00,0.4161338518316765,0.0,0.0,0.0,0.08356471014501697,235.4711289957946,1.7477621776930414
25/03/2026,01:34:00,0.3304081912113425,0.0,0.0,0.0,0.19276763225067717,239.93913985440776,1.3877144030876387
25/03/2026,01:35:00,0.24487452016289565,0.0,0.0,0.0,0.08011242296268212,241.24949315351162,1.0284729846841618
25/03/2026,01:36:00,0.3283792779258572,0.0,0.0,0.0,0.1433016465512494,239.4998149696312,1.3791929672886003
25/03/2026,01:37:00,0.20265374318051796,0.0,0.0,0.0,0.19197916717672836,236.67673420247817,0.8511457213581755
25/03/2026,01:38:00,0.48630181444316967,0.0,0.0,0.0,0.1340553969344477,240.1641720757737,2.042467620661313
25/03/2026,01:39:00,0.4111798774569494,0.0,0.0,0.0,0.0660008322652426,237.5818047533416,1.7269554853191875
25/03/2026,01:40:00,0.30198098095945874,0.0,0.0,0.0,0.07200976132947781,237.4895779283749,1.2683201200297267
25/03/2026,01:41:00,0.24634680473788437,0.0,0.0,0.0,0.07270186648167927,240.3208618292864,1.0346565798991143
25/03/2026,01:42:00,0.4798654376741187,0.0,0.0,0.0,0.07045803713246516,238.38653056241532,2.0154348382312985
25/03/2026,01:43:00,0.4158904716781944,0.0,0.0,0.0,0.09287909340286155,236.37861272556881,1.7467399810484165
25/03/2026,01:44:00,0.20845380868455637,0.0,0.0,0.0,0.13421269907216948,235.39484092234434,0.8755059964751368
25/03/2026,01:45:00,0.3772186131760147,0.0,0.0,0.0,0.09650101308784971,236.05332629932428,1.5843181753392617
25/03/2026,01:46:00,0.25791469930970135,0.0,0.0,0.0,0.1824662348841747,237.67640683544752,1.0832417371007457
25/03/2026,01:47:00,0.3051482524555091,0.0,0.0,0.0,0.1422013586297727,235.71368218932741,1.2816226603131382
25/03/2026,01:48:00,0.2748106801853648,0.0,0.0,0.0,0.034216689504565315,235.00094009561826,1.1542048567785324
25/03/2026,01:49:00,0.4489361837968633,0.0,0.0,0.0,0.029466108488148502,238.53558884516644,1.885531971946826
25/03/2026,01:50:00,0.41509382397321554,0.0,0.0,0.0,0.052628736099739504,240.87121333626473,1.7433940606875054
25/03/2026,01:51:00,0.33058808962387687,0.0,0.0,0.0,0.11628970148013779,237.22868950330331,1.3884699764202828
25/03/2026,01:52:00,0.24481222478831635,0.0,0.0,0.0,0.1196043130066759,236.636569201473,1.0282113441109286
25/03/2026,01:53:00,0.4363762818298954,0.0,0.0,0.0,0.18680494217777743,241.46096290839228,1.8327803836855607
25/03/2026,01:54:00,0.4268428354963329,0.0,0.0,0.0,0.18220157880301102,240.6059146864301,1.7927399090845981
25/03/2026,01:55:00,0.44202161933321116,0.0,0.0,0.0,0.19896910027897008,235.2288809842248,1.856490801199487
25/03/2026,01:56:00,0.3722234084022833,0.0,0.0,0.0,0.027460630383299156,241.34316063202866,1.5633383152895899
25/03/2026,01:57:00,0.3548120590126581,0.0,0.0,0.0,0.17992259417750825,239.441150545099,1.490210647853164
25/03/2026,01:58:00,0.32692471947977464,0.0,0.0,0.0,0.10254394544370604,240.01540597178715,1.3730838218150536
25/03/2026,01:59:00,0.388474069305523,0.0,0.0,0.0,0.01713503510840315,238.31379685134337,1.6315910910831966
25/03/2026,02:00:00,0.4795284533102249,0.0,0.0,0.0,0.19445168980445376,236.38960311378082,2.014019503902945
25/03/2026,02:01:00,0.2924836182523179,0.0,0.0,0.0,0.07592441524851101,237.88587594277797,1.2284311966597352
25/03/2026,02:02:00,0.22614123718643217,0.0,0.0,0.0,0.1026808994231898,241.78869658618666,0.9497931961830152
25/03/2026,02:03:00,0.4456589421789189,0.0,0.0,0.0,0.016152101245498596,235.6817262659353,1.8717675571514594
25/03/2026,02:04:00,0.23844828988141434,0.0,0.0,0.0,0.10194588227916673,235.84151256262226,1.0014828175019403
25/03/2026,02:05:00,0.41877366641195557,0.0,0.0,0.0,0.017378620978098214,237.77492628553284,1.7588493989302134
25/03/2026,02:06:00,0.38677037072017545,0.0,0.0,0.0,0.11263932169430102,241.53585176565008,1.6244355570247369
25/03/2026,02:07:00,0.45301877298563026,0.0,0.0,0.0,0.0006605145668758139,241.29396441549335,1.9026788465396471
25/03/2026,02:08:00,0.3602372515812024,0.0,0.0,0.0,0.17893810814399685,236.73332305737156,1.51299645664105
25/03/2026,02:09:00,0.31399672308661347,0.0,0.0,0.0,0.07123867541453624,235.30342558690506,1.3187862369637766
25/03/2026,02:10:00,0.22932619879838612,0.0,0.0,0.0,0.053641596200598496,238.6553193919979,0.9631700349532217
25/03/2026,02:11:00,0.49023370304805286,0.0,0.0,0.0,0.1787749821035104,240.65024739168,2.0589815528018223
25/03/2026,02:12:00,0.47246901280105297,0.0,0.0,0.0,0.02831858181745084,241.61660218782285,1.9843698537644225
25/03/2026,02:13:00,0.2469862907226466,0.0,0.0,0.0,0.050131116446443705,240.4526671130784,1.0373424210351159
25/03/2026,02:14:00,0.32119237306157056,0.0,0.0,0.0,0.11487457097353514,238.45063767637524,1.3490079668585964
25/03/2026,02:15:00,0.4897019284519088,0.0,0.0,0.0,0.18368443501981768,237.23368679230288,2.056748099498017
25/03/2026,02:16:00,0.33251224496154863,0.0,0.0,0.0,0.18421532611939767,239.21377810886162,1.3965514288385044
25/03/2026,02:17:00,0.4757089431624627,0.0,0.0,0.0,0.08645252205708778,236.43124279884012,1.9979775612823434
25/03/2026,02:18:00,0.4643084034153824,0.0,0.0,0.0,0.19192444496228067,240.2010326400657,1.9500952943446062
25/03/2026,02:19:00,0.4328994948615534,0.0,0.0,0.0,0.025128870797568915,241.55848402689816,1.8181778784185243
25/03/2026,02:20:00,0.39982573804165844,0.0,0.0,0.0,0.08378819241936289,236.7779114970394,1.6792680997749656
25/03/2026,02:21:00,0.49129033572965053,0.0,0.0,0.0,0.09947137335442552,241.12762797270943,2.0634194100645322
25/03/2026,02:22:00,0.3737789462789971,0.0,0.0,0.0,0.19063850846724245,238.99126337111792,1.569871574371788
25/03/2026,02:23:00,0.39767004751136226,0.0,0.0,0.0,0.11335334882188644,235.90143739870942,1.6702141995477215
25/03/2026,02:24:00,0.29321294376662704,0.0,0.0,0.0,0.05816074511210545,237.09135931146415,1.2314943638198337
25/03/2026,02:25:00,0.22549284260436453,0.0,0.0,0.0,0.11887784026677013,239.23463794208996,0.947069938938331
25/03/2026,02:26:00,0.45738637244702945,0.0,0.0,0.0,0.12966217388190315,237.2963968703062,1.9210227642775237
25/03/2026,02:27:00,0.2790459278115891,0.0,0.0,0.0,0.058135045313987055,236.37587769752008,1.1719928968086744
25/03/2026,02:28:00,0.4471332592927522,0.0,0.0,0.0,0.034442038247093666,235.97063966808258,1.8779596890295593
25/03/2026,02:29:00,0.4012509352603466,0.0,0.0,0.0,0.12302035953133644,241.92286358358828,1.6852539280934558
25/03/2026,02:30:00,0.25630022157233223,0.0,0.0,0.0,0.0766731401816959,240.76685218800714,1.0764609306037953
25/03/2026,02:31:00,0.4894940538529632,0.0,0.0,0.0,0.11441144879519614,235.4288458586183,2.0558750261824454
25/03/2026,02:32:00,0.2000621899711328,0.0,0.0,0.0,0.12534122812534762,241.2632769952365,0.8402611978787577
25/03/2026,02:33:00,0.4853701655666442,0.0,0.0,0.0,0.04889158576636661,239.81877907044267,2.0385546953799056
25/03/2026,02:34:00,0.45933479611537875,0.0,0.0,0.0,0.1768899504352173,240.45883040523591,1.9292061436845909
25/03/2026,02:35:00,0.4600859767398679,0.0,0.0,0.0,0.1256586531738255,235.0105751193662,1.9323611023074452
25/03/2026,02:36:00,0.2481450720595468,0.0,0.0,0.0,0.06971953578723411,239.67278235926815,1.0422093026500967
25/03/2026,02:37:00,0.30241491603042775,0.0,0.0,0.0,0.012610266178249119,236.60199401851483,1.2701426473277966
25/03/2026,02:38:00,0.35559310639170133,0.0,0.0,0.0,0.12441965769634983,241.20750756956903,1.4934910468451457
25/03/2026,02:39:00,0.3415085230823588,0.0,0.0,0.0,0.04970605140006728,239.15281598349264,1.434335796945907
25/03/2026,02:40:00,0.42470991369848565,0.0,0.0,0.0,0.18345702829316268,236.25155917828565,1.7837816375336397
25/03/2026,02:41:00,0.4192622646102515,0.0,0.0,0.0,0.16218012624488076,238.49407886434204,1.7609015113630564
25/03/2026,02:42:00,0.4889768994662243,0.0,0.0,0.0,0.16019066571922214,240.79486936116012,2.0537029777581424
25/03/2026,02:43:00,0.35321247137529554,0.0,0.0,0.0,0.041517947573838934,236.8497260055036,1.4834923797762414
25/03/2026,02:44:00,0.27017715375464757,0.0,0.0,0.0,0.0964276493227516,241.91033316865776,1.13474404576952
25/03/2026,02:45:00,0.2485377541477025,0.0,0.0,0.0,0.17072522519909764,236.3901546444409,1.0438585674203504
25/03/2026,02:46:00,0.3009607905571345,0.0,0.0,0.0,0.08156986344016162,238.52099418983227,1.2640353203399648
25/03/2026,02:47:00,0.46426159280490886,0.0,0.0,0.0,0.1666956885224539,241.05578414137872,1.9498986897806172
25/03/2026,02:48:00,0.21531238813556286,0.0,0.0,0.0,0.08506486746916145,236.32037239873503,0.904312030169364
25/03/2026,02:49:00,0.28168419200075306,0.0,0.0,0.0,0.008898901101180147,240.1665309944759,1.1830736064031628
25/03/2026,02:50:00,0.3396466814363982,0.0,0.0,0.0,0.006250049136982572,238.35606945095012,1.4265160620328725
25/03/2026,02:51:00,0.46999778850278223,0.0,0.0,0.0,0.12802795645410084,239.4401253754376,1.9739907117116855
25/03/2026,02:52:00,0.2609955855643385,0.0,0.0,0.0,0.01787322092295476,235.58807676112457,1.0961814593702217
25/03/2026,02:53:00,0.3552628970875509,0.0,0.0,0.0,0.1531774025623739,236.33585683884806,1.4921041677677138
25/03/2026,02:54:00,0.3559532751692166,0.0,0.0,0.0,0.07130806389489922,239.4637058807674,1.4950037557107099
25/03/2026,02:55:00,0.24148954090687638,0.0,0.0,0.0,0.04578820088086932,236.06422021282083,1.0142560718088809
25/03/2026,02:56:00,0.43828481565201816,0.0,0.0,0.0,0.10296525681868124,237.44308338044726,1.8407962257384762
25/03/2026,02:57:00,0.22291800005123832,0.0,0.0,0.0,0.0342444883203884,239.51157268922378,0.936255600215201
25/03/2026,02:58:00,0.4192266905571951,0.0,0.0,0.0,0.12286630257823837,237.2349062759458,1.7607521003402193
25/03/2026,02:59:00,0.3583533548116611,0.0,0.0,0.0,0.13736324559123067,238.00851826828375,1.5050840902089766
25/03/2026,03:00:00,3.493504599135677,2.3520921695499055,0.0,0.0,0.06318757326083516,240.28800415106943,2.0727193163698434
25/03/2026,03:01:00,3.3231879773039528,3.345895996678196,0.0,0.0,0.11107643655568895,236.70299515273248,1.357389504676602
25/03/2026,03:02:00,3.2530435360366656,2.3447617478726457,0.0,0.0,0.16357557285733285,236.21275544907124,1.0627828513539959
25/03/2026,03:03:00,3.2389062355577014,3.5068023679545526,0.0,0.0,0.04244679700138128,240.23030046189209,1.003406189342347
25/03/2026,03:04:00,3.249292734947262,2.727746093524044,0.0,0.0,0.13925356016639998,239.32218440425936,1.0470294867785004
25/03/2026,03:05:00,3.4525887429434787,3.870061274214983,0.0,0.0,0.056353511074682096,236.26906957164962,1.9008727203626112
25/03/2026,03:06:00,3.250578161965302,3.2112251365168865,0.0,0.0,0.09489424744926354,235.73054963287092,1.052428280254269
25/03/2026,03:07:00,3.380041327814858,3.822630912518333,0.0,0.0,0.15999512028230645,240.79414701454417,1.5961735768224037
25/03/2026,03:08:00,3.415976509602286,3.6472210115301174,0.0,0.0,0.10333790934111349,238.63072428799913,1.747101340329601
25/03/2026,03:09:00,3.3787285789924892,3.7961256077416587,0.0,0.0,0.015883742458454166,241.71108119701992,1.5906600317684545
25/03/2026,03:10:00,3.4278014698261585,3.4960128800535566,0.0,0.0,0.09619160946300076,237.3533831377671,1.7967661732698654
25/03/2026,03:11:00,3.256284655945737,3.7177796833044923,0.0,0.0,0.17909875328761116,238.7733578093912,1.076395554972094
25/03/2026,03:12:00,3.2607684488977577,2.9290169056888633,0.0,0.0,0.15092013261283668,237.1584010013537,1.0952274853705832
25/03/2026,03:13:00,3.270193233615038,2.4154766622615664,0.0,0.0,0.15943479609218264,239.48587985538109,1.1348115811831587
25/03/2026,03:14:00,3.4892499710669,3.76348064510909,0.0,0.0,0.16645788369673836,240.60592616144368,2.054849878480979
25/03/2026,03:15:00,3.2595824864354306,3.1202020139895934,0.0,0.0,0.18451171818710455,238.01859913192806,1.0902464430288084
25/03/2026,03:16:00,3.302176603858713,3.709297488422684,0.0,0.0,0.012419382543062164,237.75606585791547,1.269141736206595
25/03/2026,03:17:00,3.4751460047887552,3.7473927094561006,0.0,0.0,0.0363566598593615,235.6084201016934,1.9956132201127719
25/03/2026,03:18:00,3.4556247649453415,3.9444827281071984,0.0,0.0,0.1878918088831885,239.52552352812475,1.9136240127704354
25/03/2026,03:19:00,3.2409786376422773,2.243340657045124,0.0,0.0,0.12350371939797247,239.66349965122367,1.0121102780975657
25/03/2026,03:20:00,3.28985975381809,3.2441036794637323,0.0,0.0,0.09978855963628297,236.8404644999902,1.2174109660359778
25/03/2026,03:21:00,3.3840575477880233,3.046861756597262,0.0,0.0,0.1247562196848042,241.71899966665927,1.6130417007096987
25/03/2026,03:22:00,3.433482750630964,3.1211930240347456,0.0,0.0,0.011127444272861631,241.46532797348365,1.8206275526500495
25/03/2026,03:23:00,3.2090996384577015,3.9011099352851364,0.0,0.0,0.1796935413912777,237.61236804119852,0.8782184815223467
25/03/2026,03:24:00,3.4141248402789226,3.0751004482479773,0.0,0.0,0.024690177171224195,240.03931074387424,1.7393243291714755
25/03/2026,03:25:00,3.2617782209728987,3.553996634751324,0.0,0.0,0.14591355126225142,241.14934031630568,1.0994685280861751
25/03/2026,03:26:00,3.2385403424219517,3.9642614437101287,0.0,0.0,0.11668010561787392,235.97014465607597,1.001869438172197
25/03/2026,03:27:00,3.372382242283276,3.3698911329663583,0.0,0.0,0.1487723156607065,238.66464304604958,1.5640054175897606
25/03/2026,03:28:00,3.4781099818678745,3.270149970602869,0.0,0.0,0.1759417054726956,240.906124933139,2.0080619238450725
25/03/2026,03:29:00,3.2270682014233825,3.829905913798516,0.0,0.0,0.06627703859582819,238.46267022551945,0.9536864459782065
25/03/2026,03:30:00,3.4285602971871287,2.3334631160622736,0.0,0.0,0.09211450779813933,238.03631764230246,1.7999532481859413
25/03/2026,03:31:00,3.211192422208739,3.2825810970055835,0.0,0.0,0.13012894452580911,240.22214751683873,0.8870081732767046
25/03/2026,03:32:00,3.2868941530674833,2.301366927766778,0.0,0.0,0.12860440710372942,235.65660211639764,1.2049554428834293
25/03/2026,03:33:00,3.2572003407944683,2.442711191032344,0.0,0.0,0.09735582486125167,238.45836377374133,1.080241431336767
25/03/2026,03:34:00,3.2783697236810694,2.092082666881637,0.0,0.0,0.14319746874578287,239.46893697934,1.1691528394604913
25/03/2026,03:35:00,3.2216068366193533,2.7739559476489672,0.0,0.0,0.11266276401102765,239.41878756568536,0.9307487138012833
25/03/2026,03:36:00,3.300787315744552,2.808114535296854,0.0,0.0,0.13365485202460778,237.02320096258566,1.2633067261271185
25/03/2026,03:37:00,3.325748534203558,3.7059259955513797,0.0,0.0,0.1841707219711139,241.0854309179661,1.368143843654945
25/03/2026,03:38:00,3.225345178361996,3.3221098829168034,0.0,0.0,0.1017534109953511,238.82532509102967,0.946449749120384
25/03/2026,03:39:00,3.2139704712617045,3.3744087118295467,0.0,0.0,0.18752195463942214,237.327929305473,0.8986759792991594
25/03/2026,03:40:00,3.3569902858917713,3.1092930340612495,0.0,0.0,0.09121983581497917,237.45278942566372,1.4993592007454404
25/03/2026,03:41:00,3.4359805935662417,2.888367869662067,0.0,0.0,0.12814986667939432,238.76015585458717,1.831118492978215
25/03/2026,03:42:00,3.2622852704204153,3.6542944293577007,0.0,0.0,0.013891454814939875,239.65972678798485,1.1015981357657438
25/03/2026,03:43:00,3.3343419587507626,2.7246178062466067,0.0,0.0,0.06808609764845545,237.23406319063125,1.4042362267532036
25/03/2026,03:44:00,3.486329643704223,3.2093405726760014,0.0,0.0,0.1551172183800369,235.93081609580653,2.042584503557736
25/03/2026,03:45:00,3.4042680075546676,3.195655251530885,0.0,0.0,0.03930271386722224,239.54028019050213,1.697925631729604
25/03/2026,03:46:00,3.4148725321387152,2.4785338404006536,0.0,0.0,0.13682142453800425,241.22031827861517,1.7424646349826034
25/03/2026,03:47:00,3.2038335212380002,3.8488132542235522,0.0,0.0,0.1185579049346641,235.2228972795009,0.8561007891996018
25/03/2026,03:48:00,3.468486846497969,3.235161559451843,0.0,0.0,0.19260012565972728,238.09275240560277,1.9676447552914706
25/03/2026,03:49:00,3.3141435771993777,3.3709484693133294,0.0,0.0,0.12141958253955945,241.18440554729585,1.3194030242373858
25/03/2026,03:50:00,3.3001232046409905,3.4492375214438797,0.0,0.0,0.07373233014735914,240.33338973298612,1.260517459492161
25/03/2026,03:51:00,3.2007162862528005,2.8296120544554615,0.0,0.0,0.10614512226970195,239.45553984492955,0.8430084022617612
25/03/2026,03:52:00,3.479005959339977,3.2339413436970337,0.0,0.0,0.1709238649770125,240.79752453494464,2.011825029227905
25/03/2026,03:53:00,3.4366444916433903,2.677199354435882,0.0,0.0,0.1502242040815341,240.73781790921612,1.8339068649022394
25/03/2026,03:54:00,3.2988818077018704,2.266597603574806,0.0,0.0,0.11473405889156117,237.5076612662176,1.2553035923478564
25/03/2026,03:55:00,3.375709867516665,3.639957894759396,0.0,0.0,0.12108523150346387,235.5342781805871,1.5779814435699917
25/03/2026,03:56:00,3.4966514105285933,3.9767865359510046,0.0,0.0,0.0006849774507969198,241.5017601367803,2.085935924220093
25/03/2026,03:57:00,3.289357886076336,2.902380285340085,0.0,0.0,0.013321944065771564,239.2771463503246,1.2153031215206123
25/03/2026,03:58:00,3.2870064604486253,3.0594686270690445,0.0,0.0,0.14136821692623644,240.81372955944866,1.2054271338842264
25/03/2026,03:59:00,3.3859788373772197,3.118757196950659,0.0,0.0,0.04626704802565456,241.02440374633403,1.6211111169843222
25/03/2026,04:00:00,0.46386282124142014,0.0,0.0,0.0,0.044641498101745336,236.75050470926828,1.9482238492139647
25/03/2026,04:01:00,0.3803596904279284,0.0,0.0,0.0,0.10591964832946461,241.1304270337901,1.5975106997972992
25/03/2026,04:02:00,0.25419098744691454,0.0,0.0,0.0,0.10027456608655111,235.44158130518494,1.0676021472770412
25/03/2026,04:03:00,0.38218297649474453,0.0,0.0,0.0,0.10091427839812944,239.39716763598435,1.605168501277927
25/03/2026,04:04:00,0.40221647582164244,0.0,0.0,0.0,0.1641395708432492,239.8715941223191,1.6893091984508983
25/03/2026,04:05:00,0.4046431421929642,0.0,0.0,0.0,0.06453911296351389,237.61654969167267,1.6995011972104497
25/03/2026,04:06:00,0.4797717358749542,0.0,0.0,0.0,0.14437843467189176,240.37301920438057,2.015041290674808
25/03/2026,04:07:00,0.3292771949873393,0.0,0.0,0.0,0.18967600147799035,239.0742636526619,1.3829642189468252
25/03/2026,04:08:00,0.29264754120949465,0.0,0.0,0.0,0.189060864753822,241.16598852046204,1.2291196730798777
25/03/2026,04:09:00,0.48743935364781893,0.0,0.0,0.0,0.09716536904283096,238.18201433831328,2.0472452853208396
25/03/2026,04:10:00,0.3846630654207871,0.0,0.0,0.0,0.13532710493881042,241.9732350073008,1.6155848747673058
25/03/2026,04:11:00,0.26362463199592606,0.0,0.0,0.0,0.018220129268725606,240.43104480927425,1.1072234543828896
25/03/2026,04:12:00,0.4719464318722566,0.0,0.0,0.0,0.1145295826309704,235.11601967117062,1.9821750138634777
25/03/2026,04:13:00,0.28375178210881447,0.0,0.0,0.0,0.15715728785929817,236.89504478410367,1.1917574848570207
25/03/2026,04:14:00,0.4263108505973692,0.0,0.0,0.0,0.08136470893192747,241.27316869805384,1.7905055725089507
25/03/2026,04:15:00,0.3802087782352258,0.0,0.0,0.0,0.04604548099938613,237.34975948686554,1.5968768685879484
25/03/2026,04:16:00,0.44011016370782946,0.0,0.0,0.0,0.1587557172468975,236.53439752093996,1.8484626875728838
25/03/2026,04:17:00,0.49569747564662386,0.0,0.0,0.0,0.047289928041175225,238.91282349814477,2.0819293977158204
25/03/2026,04:18:00,0.36052810176686234,0.0,0.0,0.0,0.09258756995082501,238.9870890954825,1.514218027420822
25/03/2026,04:19:00,0.4124915482395467,0.0,0.0,0.0,0.15925761636998792,239.50871656624676,1.7324645026060963
25/03/2026,04:20:00,0.23874533752647967,0.0,0.0,0.0,0.005841141910286041,235.28948329138842,1.0027304176112146
25/03/2026,04:21:00,0.4131012188804463,0.0,0.0,0.0,0.031124116742558508,238.5510080941616,1.7350251192978745
25/03/2026,04:22:00,0.3428980777374543,0.0,0.0,0.0,0.12002673480738602,236.90065306382624,1.440171926497308
25/03/2026,04:23:00,0.3489582295091636,0.0,0.0,0.0,0.036701164103643505,239.13985070011168,1.4656245639384873
25/03/2026,04:24:00,0.48603710032352593,0.0,0.0,0.0,0.13291279502019426,236.3170452135965,2.0413558213588088
25/03/2026,04:25:00,0.26617505900705235,0.0,0.0,0.0,0.12319157017670926,235.28494640494705,1.1179352478296198
25/03/2026,04:26:00,0.35061560874408165,0.0,0.0,0.0,0.14283458517248684,239.9184028053252,1.472585556725143
25/03/2026,04:27:00,0.47920194199405,0.0,0.0,0.0,0.12147294761015515,240.09343202615565,2.01264815637501
25/03/2026,04:28:00,0.2059139497526892,0.0,0.0,0.0,0.08640372833902239,236.6721870088432,0.8648385889612947
25/03/2026,04:29:00,0.4078899640782716,0.0,0.0,0.0,0.024272080401513477,235.03661622883908,1.7131378491287408
25/03/2026,04:30:00,0.24541143458044914,0.0,0.0,0.0,0.024176862572478353,237.60277945522304,1.0307280252378865
25/03/2026,04:31:00,0.3892558133033977,0.0,0.0,0.0,0.12307551134908959,237.89096152243636,1.6348744158742705
25/03/2026,04:32:00,0.2648591661833414,0.0,0.0,0.0,0.056982923352899784,240.2922029793042,1.112408497970034
25/03/2026,04:33:00,0.4692925221574825,0.0,0.0,0.0,0.17972074239976488,241.19522566338867,1.9710285930614266
25/03/2026,04:34:00,0.49780092286613764,0.0,0.0,0.0,0.005454454039343793,237.49296232693797,2.0907638760377782
25/03/2026,04:35:00,0.20930922721116682,0.0,0.0,0.0,0.13752562055184675,241.40470055882972,0.8790987542869007
25/03/2026,04:36:00,0.3829742862755563,0.0,0.0,0.0,0.14272331046449982,239.24390935815904,1.6084920023573366
25/03/2026,04:37:00,0.49213824985667215,0.0,0.0,0.0,0.1379993497043683,235.08336033034215,2.066980649398023
25/03/2026,04:38:00,0.42094822715043234,0.0,0.0,0.0,0.0746099579176686,241.97031679809132,1.767982554031816
25/03/2026,04:39:00,0.21588826309454573,0.0,0.0,0.0,0.17996953256243584,237.24314189124277,0.9067307049970921
25/03/2026,04:40:00,0.4867345812852084,0.0,0.0,0.0,0.04840729948695948,238.96626928775814,2.0442852413978754
25/03/2026,04:41:00,0.49339471810480634,0.0,0.0,0.0,0.010695576447316824,235.35682542995102,2.0722578160401866
25/03/2026,04:42:00,0.4113042997622878,0.0,0.0,0.0,0.06529541231458727,238.12819373676874,1.7274780590016088
25/03/2026,04:43:00,0.3320002899936606,0.0,0.0,0.0,0.16220110959274092,235.92960533603917,1.3944012179733747
25/03/2026,04:44:00,0.24597750560757614,0.0,0.0,0.0,0.09547816738833788,240.41825440869752,1.0331055235518198
25/03/2026,04:45:00,0.48666015938675095,0.0,0.0,0.0,0.17687629588217332,237.6804941120688,2.043972669424354
25/03/2026,04:46:00,0.2704334762063613,0.0,0.0,0.0,0.18487459418550156,236.40776340804186,1.1358206000667177
25/03/2026,04:47:00,0.22769875315442867,0.0,0.0,0.0,0.19441833041795006,235.39465904723897,0.9563347632486005
25/03/2026,04:48:00,0.42654217923886656,0.0,0.0,0.0,0.11927698353353403,241.897476897062,1.7914771528032396
25/03/2026,04:49:00,0.2638286968197436,0.0,0.0,0.0,0.010639244422118678,236.43421425696533,1.108080526642923
25/03/2026,04:50:00,0.4996632737776468,0.0,0.0,0.0,0.14111345294342045,236.89407853142896,2.0985857498661167
25/03/2026,04:51:00,0.36814860283863055,0.0,0.0,0.0,0.047399414112863664,238.28393549834234,1.5462241319222483
25/03/2026,04:52:00,0.4358273044458514,0.0,0.0,0.0,0.07176822585256555,241.38651848339637,1.8304746786725759
25/03/2026,04:53:00,0.4147963468968579,0.0,0.0,0.0,0.10383956979806389,238.67435519798886,1.7421446569668033
25/03/2026,04:54:00,0.4397212345485862,0.0,0.0,0.0,0.09176942189655934,236.40734622211363,1.8468291851040621
25/03/2026,04:55:00,0.27840452168944896,0.0,0.0,0.0,0.11610363718473614,239.69775492911296,1.1692989910956857
25/03/2026,04:56:00,0.2144031740951058,0.0,0.0,0.0,0.046832388393108396,241.9834081987334,0.9004933311994443
25/03/2026,04:57:00,0.25028443965032143,0.0,0.0,0.0,0.02086861512937952,241.38001096816487,1.05119464653135
25/03/2026,04:58:00,0.43076601091581923,0.0,0.0,0.0,0.16351236127974797,238.5321399893202,1.8092172458464408
25/03/2026,04:59:00,0.42010635994931544,0.0,0.0,0.0,0.09589450189777891,236.76089860061794,1.764446711787125
25/03/2026,05:00:00,0.43610474420925466,0.0,0.0,0.0,0.1332387325885373,237.967502914744,1.8316399256788696
25/03/2026,05:01:00,0.35669850459896346,0.0,0.0,0.0,0.0020239308500267675,237.86720898771048,1.4981337193156465
25/03/2026,05:02:00,0.20672828228169324,0.0,0.0,0.0,0.016609517820396682,241.37585606710826,0.8682587855831116
25/03/2026,05:03:00,0.37611402530479643,0.0,0.0,0.0,0.011974708522825606,238.6495782996878,1.579678906280145
25/03/2026,05:04:00,0.2709837273040673,0.0,0.0,0.0,0.10912774741777498,236.7370144955187,1.1381316546770825
25/03/2026,05:05:00,0.24991955120102805,0.0,0.0,0.0,0.18027126417670772,238.8966989646933,1.0496621150443177
25/03/2026,05:06:00,0.2335857754731196,0.0,0.0,0.0,0.16727360004651323,240.76497713042235,0.9810602569871023
25/03/2026,05:07:00,0.3876612964048607,0.0,0.0,0.0,0.11546317314056304,235.00867084709822,1.628177444900415
25/03/2026,05:08:00,0.27062168842384393,0.0,0.0,0.0,0.03315705255039023,238.66325491623715,1.1366110913801446
25/03/2026,05:09:00,0.2601067356289096,0.0,0.0,0.0,0.18015269305704829,237.962314897708,1.0924482896414205
25/03/2026,05:10:00,0.38170214713809003,0.0,0.0,0.0,0.18440797925380506,240.23285757869337,1.603149017979978
25/03/2026,05:11:00,0.36541905626235005,0.0,0.0,0.0,0.1388553889230206,236.4552805793252,1.5347600363018703
25/03/2026,05:12:00,0.49094429870835615,0.0,0.0,0.0,0.04595572701046635,237.30017276986808,2.061966054575096
25/03/2026,05:13:00,0.43826342831625964,0.0,0.0,0.0,0.0971783921448083,239.57022721376214,1.8407063989282906
25/03/2026,05:14:00,0.49831986439110315,0.0,0.0,0.0,0.03182738400098013,237.37071074796577,2.0929434304426335
25/03/2026,05:15:00,0.2902234970176531,0.0,0.0,0.0,0.04857047625807753,241.97675460022285,1.218938687474143
25/03/2026,05:16:00,0.4817707194142274,0.0,0.0,0.0,0.04532803969117967,235.7942450875811,2.0234370215397552
25/03/2026,05:17:00,0.21566061026133965,0.0,0.0,0.0,0.11944810609690433,240.4608615289447,0.9057745630976266
25/03/2026,05:18:00,0.2763390979234066,0.0,0.0,0.0,0.1081767093797713,239.24388740150545,1.1606242112783078
25/03/2026,05:19:00,0.3855966303891034,0.0,0.0,0.0,0.18456193343333893,239.90801034515292,1.6195058476342343
25/03/2026,05:20:00,0.36405530056068636,0.0,0.0,0.0,0.15595507485942317,239.9842368371663,1.5290322623548827
25/03/2026,05:21:00,0.22608172128538434,0.0,0.0,0.0,0.18567432269824635,236.00546651962784,0.9495432293986142
25/03/2026,05:22:00,0.48536503483967197,0.0,0.0,0.0,0.0877903611840447,236.25028719770597,2.0385331463266225
25/03/2026,05:23:00,0.3291264991272893,0.0,0.0,0.0,0.12666718375344607,235.09318994041638,1.382331296334615
25/03/2026,05:24:00,0.26921137421504887,0.0,0.0,0.0,0.051281889155525166,237.45850112490604,1.1306877717032053
25/03/2026,05:25:00,0.2975007923132558,0.0,0.0,0.0,0.010937693978297781,235.123937975314,1.2495033277156744
25/03/2026,05:26:00,0.2114646254929343,0.0,0.0,0.0,0.035043276938130384,235.28762310212468,0.888151427070324
25/03/2026,05:27:00,0.32131787166147796,0.0,0.0,0.0,0.09846859909781154,241.55455981400848,1.3495350609782075
25/03/2026,05:28:00,0.37735981710251204,0.0,0.0,0.0,0.18850178177903976,236.1194327104326,1.5849112318305507
25/03/2026,05:29:00,0.36344935885207225,0.0,0.0,0.0,0.18838582162742662,239.81296038373168,1.5264873071787035
25/03/2026,05:30:00,0.4839906632520838,0.0,0.0,0.0,0.08147324420341105,235.12698204035172,2.032760785658752
25/03/2026,05:31:00,0.4072717344998439,0.0,0.0,0.0,0.018171373448666907,238.25680355859973,1.7105412848993444
25/03/2026,05:32:00,0.3629814409137697,0.0,0.0,0.0,0.0062024493956932105,239.80907046196498,1.5245220518378328
25/03/2026,05:33:00,0.48944106739886584,0.0,0.0,0.0,0.09737057080381464,235.6427494965084,2.0556524830752365
25/03/2026,05:34:00,0.3544979423858744,0.0,0.0,0.0,0.09976116773636948,235.23529148676587,1.4888913580206726
25/03/2026,05:35:00,0.44669424263019514,0.0,0.0,0.0,0.08842339562516527,238.2841556084398,1.8761158190468197
25/03/2026,05:36:00,0.2229212180192653,0.0,0.0,0.0,0.11677000794374133,237.65709914527528,0.9362691156809142
25/03/2026,05:37:00,0.4975518124296376,0.0,0.0,0.0,0.08794324750557383,239.82587840400396,2.089717612204478
25/03/2026,05:38:00,0.35343710780163395,0.0,0.0,0.0,0.09237861149176221,237.13921125244246,1.4844358527668626
25/03/2026,05:39:00,0.22767262687370515,0.0,0.0,0.0,0.03989738590956751,240.58589178884802,0.9562250328695617
25/03/2026,05:40:00,0.31906820899085847,0.0,0.0,0.0,0.19548112556228878,240.01154999129164,1.3400864777616057
25/03/2026,05:41:00,0.4614010231577751,0.0,0.0,0.0,0.08636932885387563,235.4812073859259,1.9378842972626555
25/03/2026,05:42:00,0.33566591704285587,0.0,0.0,0.0,0.09112312041293527,240.79144322309511,1.4097968515799948
25/03/2026,05:43:00,0.44634216893321865,0.0,0.0,0.0,0.10167378522542392,241.17348000028338,1.8746371095195185
25/03/2026,05:44:00,0.36022100075954067,0.0,0.0,0.0,0.15562368814027083,241.30096853670597,1.5129282031900708
25/03/2026,05:45:00,0.39243008830987564,0.0,0.0,0.0,0.1624394954866098,236.0407051995505,1.6482063709014778
25/03/2026,05:46:00,0.3520469118470322,0.0,0.0,0.0,0.012538225950336247,235.02633186883452,1.4785970297575353
25/03/2026,05:47:00,0.2799260519336743,0.0,0.0,0.0,0.10530861459485504,239.29557562334665,1.1756894181214321
25/03/2026,05:48:00,0.4635257761432098,0.0,0.0,0.0,0.0034732511215819885,239.79951141358478,1.946808259801481
25/03/2026,05:49:00,0.4178644127351552,0.0,0.0,0.0,0.062437300084422304,241.4588872346683,1.755030533487652
25/03/2026,05:50:00,0.49516399338266637,0.0,0.0,0.0,0.030962787097863244,236.11051788507447,2.0796887722071986
25/03/2026,05:51:00,0.442531273805594,0.0,0.0,0.0,0.11896001541044393,240.64797237492803,1.8586313499834948
25/03/2026,05:52:00,0.4418202273993251,0.0,0.0,0.0,0.02696956279965408,240.14861968438598,1.8556449550771654
25/03/2026,05:53:00,0.35719593165546115,0.0,0.0,0.0,0.08776295327885462,236.4577512197563,1.500222912952937
25/03/2026,05:54:00,0.47740875978863906,0.0,0.0,0.0,0.03802613631578416,237.16894655627692,2.0051167911122842
25/03/2026,05:55:00,0.48365129410109603,0.0,0.0,0.0,0.11534308911953176,235.36506032857147,2.0313354352246034
25/03/2026,05:56:00,0.3843656141437708,0.0,0.0,0.0,0.17985210035823654,238.4267090465183,1.6143355794038374
25/03/2026,05:57:00,0.2700374094853519,0.0,0.0,0.0,0.15394053102251204,240.51387157067953,1.134157119838478
25/03/2026,05:58:00,0.31537325144603817,0.0,0.0,0.0,0.19631794532011548,236.7765227210112,1.3245676560733604
25/03/2026,05:59:00,0.4769610568722549,0.0,0.0,0.0,0.1997388133596649,240.2629808040684,2.0032364388634707
25/03/2026,06:00:00,0.30070566252430214,0.0,0.0,0.0,0.022940886308200903,235.52296223060276,1.262963782602069
25/03/2026,06:01:00,0.28510617117255505,0.0,0.0,0.0,0.19389368637012822,240.26988617545408,1.1974459189247313
25/03/2026,06:02:00,0.2712387307530951,0.0,0.0,0.0,0.15427098947503057,239.29013281807107,1.1392026691629995
25/03/2026,06:03:00,0.46176008292876203,0.0,0.0,0.0,0.05961609506823926,235.56667339289424,1.9393923483008007
25/03/2026,06:04:00,0.3143158552554697,0.0,0.0,0.0,0.05000150448036603,238.29169175121285,1.3201265920729728
25/03/2026,06:05:00,0.44573627252733355,0.0,0.0,0.0,0.017433371550238077,237.27084764011087,1.872092344614801
25/03/2026,06:06:00,0.23711539555746958,0.0,0.0,0.0,0.15879688741480436,239.60053134413909,0.9958846613413722
25/03/2026,06:07:00,0.21831001069556732,0.0,0.0,0.0,0.16194980172547374,238.08540635427607,0.9169020449213828
25/03/2026,06:08:00,0.22798458963667437,0.0,0.0,0.0,0.0768653052957352,237.2883894377179,0.9575352764740324
25/03/2026,06:09:00,0.2702361792986957,0.0,0.0,0.0,0.05780576482600182,240.8346035759099,1.134991953054522
25/03/2026,06:10:00,0.3480642684753273,0.0,0.0,0.0,0.05805813694637894,237.70066361794937,1.4618699275963747
25/03/2026,06:11:00,0.26046476350311765,0.0,0.0,0.0,0.00856520690673992,236.38005897892222,1.0939520067130941
25/03/2026,06:12:00,0.2235398992408122,0.0,0.0,0.0,0.060374337449602106,236.68912932284817,0.9388675768114112
25/03/2026,06:13:00,0.44425128056032803,0.0,0.0,0.0,0.17950391362270338,235.324486847753,1.8658553783533778
25/03/2026,06:14:00,0.4895008997611219,0.0,0.0,0.0,0.08954034332494012,241.74679231149582,2.055903778996712
25/03/2026,06:15:00,0.374183950867256,0.0,0.0,0.0,0.18641925752033228,237.17488992685327,1.5715725936424751
25/03/2026,06:16:00,0.44608753405399826,0.0,0.0,0.0,0.01580931390679421,239.70914148882076,1.8735676430267927
25/03/2026,06:17:00,0.20773227688800286,0.0,0.0,0.0,0.17069512308992346,237.17219647157756,0.872475562929612
25/03/2026,06:18:00,0.3492829412646945,0.0,0.0,0.0,0.12659241374196073,238.04469359882748,1.466988353311717
25/03/2026,06:19:00,0.4189028557234924,0.0,0.0,0.0,0.12870524733996366,241.7861002141951,1.7593919940386682
25/03/2026,06:20:00,0.40435703622686037,0.0,0.0,0.0,0.030967040207317154,238.19816228155392,1.6982995521528137
25/03/2026,06:21:00,0.20779972126502474,0.0,0.0,0.0,0.10306156707314357,237.61147436275527,0.872758829313104
25/03/2026,06:22:00,0.4862339717279429,0.0,0.0,0.0,0.1373831988147648,238.61155245595225,2.0421826812573602
25/03/2026,06:23:00,0.3849862325689467,0.0,0.0,0.0,0.07972633701794152,236.0785168699418,1.6169421767895762
25/03/2026,06:24:00,0.3234723688917941,0.0,0.0,0.0,0.1678528066303291,237.37230889835584,1.3585839493455352
25/03/2026,06:25:00,0.2313574603393484,0.0,0.0,0.0,0.13122292302573293,239.64654695466743,0.9717013334252633
25/03/2026,06:26:00,0.4756938509376367,0.0,0.0,0.0,0.12074392854987998,237.1945678327099,1.9979141739380744
25/03/2026,06:27:00,0.24600293992592612,0.0,0.0,0.0,0.045110059494849614,240.01987015736088,1.0332123476888897
25/03/2026,06:28:00,0.4611212300178516,0.0,0.0,0.0,0.11616836858374768,240.60956774309489,1.936709166074977
25/03/2026,06:29:00,0.31312102019017407,0.0,0.0,0.0,0.017075992028380196,241.21254551630943,1.3151082847987312
25/03/2026,06:30:00,0.27280876169107215,0.0,0.0,0.0,0.08253954058550804,235.04787804316445,1.145796799102503
25/03/2026,06:31:00,0.4164132038922995,0.0,0.0,0.0,0.033477480472424714,238.16290804467167,1.748935456347658
25/03/2026,06:32:00,0.4240548975358781,0.0,0.0,0.0,0.1971841193702483,240.5829695502645,1.781030569650688
25/03/2026,06:33:00,0.38020139388250423,0.0,0.0,0.0,0.10724618176911022,240.8146044623543,1.5968458543065178
25/03/2026,06:34:00,0.3495399389899573,0.0,0.0,0.0,0.11156174721755062,241.0699905851146,1.4680677437578207
25/03/2026,06:35:00,0.4125060759210315,0.0,0.0,0.0,0.09116315259868533,241.6617115709135,1.7325255188683324
25/03/2026,06:36:00,0.2788413696641484,0.0,0.0,0.0,0.09983569856615515,239.9707140330389,1.1711337525894234
25/03/2026,06:37:00,0.205239541951604,0.0,0.0,0.0,0.03739220743394291,235.2526470898736,0.8620060761967367
25/03/2026,06:38:00,0.3132852389024853,0.0,0.0,0.0,0.18713617215305367,237.68499775130385,1.3157980033904382
25/03/2026,06:39:00,0.4160856282359079,0.0,0.0,0.0,0.016802949978770586,236.27274461743286,1.7475596385908132
25/03/2026,06:40:00,0.40000192379523347,0.0,0.0,0.0,0.006837646497573635,240.20402718245862,1.6800080799399806
25/03/2026,06:41:00,0.4438081633891494,0.0,0.0,0.0,0.18473260229043809,236.83145963995284,1.8639942862344276
25/03/2026,06:42:00,0.4856063788695094,0.0,0.0,0.0,0.1921302437716075,241.8071231118839,2.0395467912519396
25/03/2026,06:43:00,0.4227023051700475,0.0,0.0,0.0,0.10514327625157996,236.79285273864025,1.7753496817141994
25/03/2026,06:44:00,0.4532226790420826,0.0,0.0,0.0,0.10685306368005945,238.6126963752335,1.903535251976747
25/03/2026,06:45:00,0.3462087355209892,0.0,0.0,0.0,0.19485902524572846,235.83434053464558,1.4540766891881547
25/03/2026,06:46:00,0.3423987325010639,0.0,0.0,0.0,0.1278578129759886,240.73560656023113,1.4380746765044685
25/03/2026,06:47:00,0.2197484656929537,0.0,0.0,0.0,0.13783350386019375,241.85648025688513,0.9229435559104056
25/03/2026,06:48:00,0.35935634369308384,0.0,0.0,0.0,0.03121441455611569,241.58326403889805,1.5092966435109523
25/03/2026,06:49:00,0.49251795775506707,0.0,0.0,0.0,0.07078125490658853,241.0434832003613,2.0685754225712816
25/03/2026,06:50:00,0.3391049137651201,0.0,0.0,0.0,0.059832573193729345,241.33977894410708,1.4242406378135044
25/03/2026,06:51:00,0.30558731798270244,0.0,0.0,0.0,0.12715596297166207,237.38125025021722,1.2834667355273504
25/03/2026,06:52:00,0.478302947569982,0.0,0.0,0.0,0.02725672730110722,240.48504974398102,2.0088723797939245
25/03/2026,06:53:00,0.46568722952438124,0.0,0.0,0.0,0.1739903557329551,236.03465262610734,1.9558863640024013
25/03/2026,06:54:00,0.35465790013282994,0.0,0.0,0.0,0.009853595506517189,236.69601141534025,1.4895631805578857
25/03/2026,06:55:00,0.37976793305132117,0.0,0.0,0.0,0.12310923756436885,235.71395067112914,1.595025318815549
25/03/2026,06:56:00,0.44430986936703176,0.0,0.0,0.0,0.010261523763326896,236.39338387578493,1.8661014513415335
25/03/2026,06:57:00,0.28077379544944225,0.0,0.0,0.0,0.14288268068641827,240.0157326725769,1.1792499408876576
25/03/2026,06:58:00,0.4629978507491641,0.0,0.0,0.0,0.10145621138116617,239.89830199720012,1.9445909731464894
25/03/2026,06:59:00,0.2860921114520175,0.0,0.0,0.0,0.08556813863917082,240.42604127667266,1.2015868680984736
25/03/2026,07:00:00,4.1114316147254675,1.3990916316750757,0.0,2.411044286804434,0.17914935495253315,235.08873548730847,17.268012781846963
25/03/2026,07:01:00,5.054829315922901,1.9186838885426387,0.0,2.927334593772748,0.172281160476011,235.82868279496847,21.230283126876184
25/03/2026,07:02:00,4.775629875982688,1.6358117510458623,0.0,2.663161209275735,0.011971749940306076,240.26600952086443,20.057645479127288
25/03/2026,07:03:00,5.041773045428775,1.1395118185237996,0.0,3.4397156746428497,0.09036276175941532,239.22270268737313,21.175446790800855
25/03/2026,07:04:00,4.3566363258177345,1.8581226871057035,0.0,2.151323280928483,0.11193748817937335,241.2047846590435,18.297872568434485
25/03/2026,07:05:00,4.568294420362422,1.2404795008404244,0.0,3.030259469480992,0.14640790767229814,240.54900110123359,19.186836565522174
25/03/2026,07:06:00,4.303832666539626,1.7420515087728181,0.0,2.311036955510993,0.11424181305575334,239.03903633842532,18.07609719946643
25/03/2026,07:07:00,5.186766218255546,1.8849759238037254,0.0,3.05124853246436,0.0018126087217286814,240.20609864858676,21.784418116673294
25/03/2026,07:08:00,3.8047829912434565,1.0221603217002817,0.0,2.572330154978009,0.1022497545694921,239.06578348479655,15.980088563222518
25/03/2026,07:09:00,4.265568374364405,1.2016915805693773,0.0,2.84033623022618,0.11287722779558236,240.54361134869163,17.915387172330504
25/03/2026,07:10:00,5.611930961946881,1.9539672959603092,0.0,3.210412409342232,0.06405712609714408,240.20495657259707,23.570110040176903
25/03/2026,07:11:00,4.846182892764774,1.5784200865460016,0.0,2.8862824947889276,0.008369524696298059,235.82105525189368,20.35396814961205
25/03/2026,07:12:00,5.499528414057445,1.9540203816801172,0.0,3.3280687495104013,0.09862437839900454,239.97651961870463,23.09801933904127
25/03/2026,07:13:00,4.7592395048563425,1.1580237919657534,0.0,3.2480937553330893,0.02087507788129477,240.7546517525115,19.98880592039664
25/03/2026,07:14:00,5.076453919241517,1.9394039530946516,0.0,2.8953639861408083,0.1286158472141804,238.8350860167022,21.32110646081437
25/03/2026,07:15:00,5.169042949675087,1.599852350612212,0.0,3.2575916050610036,0.13457722290306393,241.07441085705386,21.709980388635366
25/03/2026,07:16:00,5.003841052678622,1.6403525205844938,0.0,2.886014908031397,0.043676122478489045,239.68331311176857,21.016132421250212
25/03/2026,07:17:00,4.745545261713222,1.0763455663110812,0.0,3.306198668272002,0.042772931716655596,240.65430191817043,19.931290099195532
25/03/2026,07:18:00,4.228835682726192,1.0684886909875417,0.0,2.9339082343097607,0.18558395612704667,238.19863276052791,17.761109867450006
25/03/2026,07:19:00,3.5395962252355857,1.0276538816416445,0.0,2.3062606358320235,0.1859463249527459,241.45123219166172,14.86630414598946
25/03/2026,07:20:00,4.3985307957128015,1.230352718461193,0.0,2.796833431630671,0.06476933724034051,241.15695253391561,18.473829341993767
25/03/2026,07:21:00,4.584004660219326,1.7450800529991854,0.0,2.5223394189192314,0.08028926403669245,238.25890089408253,19.25281957292117
25/03/2026,07:22:00,4.891486990133414,1.6237694128408346,0.0,3.0155167352762406,0.01664275987374415,235.46911584688436,20.54424535856034
25/03/2026,07:23:00,5.41038747876679,1.9790281095239513,0.0,2.93831047275659,0.015206921268846818,238.0211615313537,22.72362741082052
25/03/2026,07:24:00,4.839419726116478,1.9829934129412377,0.0,2.5052713434335425,0.19443079946815414,237.42600416098242,20.32556284968921
25/03/2026,07:25:00,4.436348565861787,1.617443838843827,0.0,2.419676735962236,0.14044922730425072,238.9966486316445,18.632663976619508
25/03/2026,07:26:00,4.846461721965706,1.4487461044980856,0.0,3.0918623238271623,0.05389662019281521,240.48606308529375,20.355139232255965
25/03/2026,07:27:00,4.603185556260133,1.652108984832366,0.0,2.748859968711932,0.04989059860163614,236.7611799219862,19.33337933629256
25/03/2026,07:28:00,3.882719217444257,1.1983611864312609,0.0,2.205703297535913,0.13362471465647488,240.94713733106326,16.30742071326588
25/03/2026,07:29:00,4.15621579095158,1.4925603175906057,0.0,2.267799748057884,0.19102773285037483,235.3070737321372,17.45610632199664
25/03/2026,07:30:00,4.2330038931067415,1.5025512170532123,0.0,2.430331870488939,0.09370606369654706,239.65780392254717,17.778616351048314
25/03/2026,07:31:00,4.313848327263877,1.2301763361380558,0.0,2.7189364481443445,0.06985414554915137,235.7343470534076,18.118162974508284
25/03/2026,07:32:00,4.355130061088536,1.1738434455270588,0.0,2.963002366034316,0.11953501066175756,239.37133457977467,18.291546256571852
25/03/2026,07:33:00,4.394165626177051,1.737165243778422,0.0,2.198303014499851,0.10384815810199668,238.81731485169342,18.455495629943613
25/03/2026,07:34:00,4.836645231587306,1.213489659627783,0.0,3.320847096687621,0.062403033047521574,235.0368820451249,20.313909972666686
25/03/2026,07:35:00,3.896760842916712,1.159475721462745,0.0,2.5089100140006138,0.0817217756547774,238.0070610881508,16.366395540250192
25/03/2026,07:36:00,5.063742373381022,1.9586674626310279,0.0,2.642899452669912,0.15053874049632288,238.1151792937602,21.26771796820029
25/03/2026,07:37:00,4.948320733714988,1.73186607234237,0.0,2.771931990579344,0.009831805539652705,239.44170657384822,20.782947081602952
25/03/2026,07:38:00,4.9642978199244885,1.9271881672990243,0.0,2.6637727862243015,0.1192791447189999,236.4578967596317,20.85005084368285
25/03/2026,07:39:00,4.700192028385679,1.388174227217729,0.0,2.970434111867975,0.16688339309351458,236.60152032448158,19.740806519219852
25/03/2026,07:40:00,4.724173438616312,1.7592385112973457,0.0,2.706881492908942,0.06257199368712829,241.61951243136033,19.84152844218851
25/03/2026,07:41:00,4.026998612593125,1.1512648915204142,0.0,2.667195096352353,0.1927805305766779,241.63221451014647,16.913394172891127
25/03/2026,07:42:00,5.229937158056829,1.567022275367567,0.0,3.319567592092042,0.17812605036367862,237.38851327383404,21.96573606383868
25/03/2026,07:43:00,4.617945397022713,1.4090789801675259,0.0,2.962581021209731,0.01581894414512508,235.21275991841327,19.395370667495396
25/03/2026,07:44:00,4.334950414892476,1.344527136125815,0.0,2.7530358657625977,0.17441221916706806,236.20956720719255,18.2067917425484
25/03/2026,07:45:00,5.329281697351656,1.7495492760733515,0.0,3.1042456844678403,0.03438916453001555,237.44673459440233,22.38298312887696
25/03/2026,07:46:00,4.847647381188356,1.3200168271329749,0.0,3.104034044355353,0.15638972421089714,237.26277583232124,20.360119000991094
25/03/2026,07:47:00,4.466963731142884,1.44154979031822,0.0,2.6756061073789037,0.1571954146813297,238.69525515416234,18.761247670800113
25/03/2026,07:48:00,4.395219187321417,1.4716044679630498,0.0,2.6711776684570885,0.1783166287968192,235.74931544690116,18.459920586749952
25/03/2026,07:49:00,5.482184014792928,1.8689456168775593,0.0,3.275790810700848,0.16671088159998368,237.00561448493124,23.025172862130297
25/03/2026,07:50:00,4.266769207709498,1.058874494327059,0.0,2.8132106402266004,0.05395783942307926,239.54492761628234,17.92043067237989
25/03/2026,07:51:00,3.64999363179494,1.2036286579528848,0.0,2.187883995173832,0.1367100498546554,236.7103027771845,15.32997325353875
25/03/2026,07:52:00,4.966580304031741,1.4643937799003743,0.0,3.0453163552460767,0.024784193892632467,237.92101644047833,20.859637276933313
25/03/2026,07:53:00,5.457636601854209,1.8555412283947528,0.0,3.215973609804134,0.10907362690157907,238.6310293763222,22.92207372778768
25/03/2026,07:54:00,3.8840684126491594,1.3485080759066095,0.0,2.3030924396063366,0.019120095598744814,241.20144855950483,16.31308733312647
25/03/2026,07:55:00,4.880186599114665,1.1536205720276094,0.0,3.3080262590017417,0.04451589561525182,240.62973902916815,20.49678371628159
25/03/2026,07:56:00,4.506694447710014,1.8737380477673926,0.0,2.248305151524978,0.03185629987486132,235.84319467927952,18.92811668038206
25/03/2026,07:57:00,3.900598015025262,1.0370739272436655,0.0,2.556761510888126,0.08922652012417923,239.68441239141015,16.3825116631061
25/03/2026,07:58:00,4.841134599513109,1.963475164094987,0.0,2.6527700525561517,0.09200660385231284,237.00174658294873,20.332765317955058
25/03/2026,07:59:00,5.361297298725293,1.5721471343229845,0.0,3.471590028639268,0.15421912227572718,241.67706913204043,22.51744865464623
25/03/2026,08:00:00,3.8668397494621125,1.4727554206909008,0.0,2.0605170379983444,0.1641057296146992,241.757454378554,16.240726947740875
25/03/2026,08:01:00,4.8339040304198235,1.2346549711153192,0.0,3.2889366102031445,0.04611205659977616,236.62845183683845,20.302396927763258
25/03/2026,08:02:00,5.37748153880743,1.812430096287693,0.0,3.359934286545456,0.045304640776278764,235.82756074831275,22.585422462991207
25/03/2026,08:03:00,4.490510353354501,1.0397153365312515,0.0,3.203471953810319,0.18901425547922884,236.22566031288636,18.860143484088905
25/03/2026,08:04:00,4.510600708168237,1.623962176760583,0.0,2.649157814107205,0.1626055534318129,236.9694732588405,18.944522974306597
25/03/2026,08:05:00,3.961331306496996,1.0749199547938089,0.0,2.6472202945967043,0.06364850274334855,240.35537092172467,16.637591487287384
25/03/2026,08:06:00,4.885245117579055,1.201240586827709,0.0,3.222817600252101,0.17760010714198085,241.38224693952466,20.51802949383203
25/03/2026,08:07:00,4.622271470237246,1.09862736147348,0.0,3.1363175498706557,0.11569087023847456,241.4626630954715,19.413540174996434
25/03/2026,08:08:00,4.313618620618061,1.4892211111960036,0.0,2.559402981816967,0.06726833356010405,238.56162171816317,18.117198206595855
25/03/2026,08:09:00,4.0508824594199275,1.067260520864619,0.0,2.6138155160323393,0.13242743752042052,238.34777555905387,17.013706329563696
25/03/2026,08:10:00,4.442946825107745,1.3215118670761834,0.0,2.639842628742133,0.08854113943344347,239.14676961738652,18.660376665452528
25/03/2026,08:11:00,4.388060443551794,1.4924057177632872,0.0,2.49649494122,0.024191946484144203,241.65257768309831,18.429853862917536
25/03/2026,08:12:00,4.302967804596719,1.7422095490206932,0.0,2.3353314711500524,0.07427871148709982,237.34659507017332,18.07246477930622
25/03/2026,08:13:00,4.278021216670476,1.7814482197045085,0.0,2.1904784237884463,0.15510966398555903,238.53818795762788,17.967689110016
25/03/2026,08:14:00,4.417408251039169,1.3562785474081867,0.0,2.8270762246006593,0.022562835663044668,236.8968573942229,18.55311465436451
25/03/2026,08:15:00,4.593121737710331,1.8695163132161692,0.0,2.407436939151205,0.11596732514471444,235.13636347745563,19.29111129838339
25/03/2026,08:16:00,4.531535752540083,1.5393223294211502,0.0,2.537094438484215,0.07514450179273574,240.26788682160557,19.032450160668347
25/03/2026,08:17:00,3.8790129951358296,1.5331364837996282,0.0,2.0966818783579573,0.0021492751641349005,239.6737762728343,16.291854579570487
25/03/2026,08:18:00,5.106025934862187,1.743281693063528,0.0,3.095567103920383,0.1546177594327096,240.27099026740453,21.445308926421184
25/03/2026,08:19:00,4.777316921345406,1.2511976505008242,0.0,3.087251304163688,0.1821810290976165,236.17202734778627,20.064731069650705
25/03/2026,08:20:00,4.59205458951706,1.3776441027133635,0.0,2.888104695735244,0.1057453372386072,238.81766066075633,19.286629275971652
25/03/2026,08:21:00,4.583134581810355,1.7967322260880796,0.0,2.462006281779705,0.00977371955295081,241.65516491066788,19.249165243603493
25/03/2026,08:22:00,4.780010415358639,1.7243320613730662,0.0,2.764585316155925,0.08978798829678653,240.6702295458214,20.076043744506283
25/03/2026,08:23:00,5.1393042935965845,1.34707463516518,0.0,3.435747922276893,0.04992200546024577,235.79126470221775,21.585078033105656
25/03/2026,08:24:00,4.950569130658009,1.193313034481872,0.0,3.450525320583251,0.07119154130574448,240.35317389151584,20.792390348763636
25/03/2026,08:25:00,4.756997586128896,1.5954037927250404,0.0,2.718889125802101,0.13631060574287512,241.15908967837953,19.979389861741364
25/03/2026,08:26:00,4.487320935789499,1.6106349679846454,0.0,2.627703487662906,0.036289271888572075,239.0315587711613,18.846747930315896
25/03/2026,08:27:00,5.036953797376755,1.695326566642797,0.0,3.071556105528197,0.03599581090471693,237.7091018084848,21.155205948982374
25/03/2026,08:28:00,4.100239325938096,1.026788821480882,0.0,2.6091437314512436,0.06652900048006798,240.50951949344133,17.221005168940007
25/03/2026,08:29:00,4.136306501956334,1.4736397716687246,0.0,2.194003159640857,0.11606591232138082,241.17331649783304,17.372487308216602
25/03/2026,08:30:00,4.576297114644227,1.711205361113754,0.0,2.430658957484641,0.07528616257152088,240.68146697554192,19.220447881505752
25/03/2026,08:31:00,4.504390831623525,1.9696194783991008,0.0,2.1451623789591596,0.18079960491762342,236.21979593418195,18.918441492818804
25/03/2026,08:32:00,5.28588068705834,1.520350880841427,0.0,3.4693138149949365,0.009166594733807699,240.98430047322722,22.20069888564503
25/03/2026,08:33:00,4.831947609832422,1.6730944501496112,0.0,2.9241472140177223,0.13596970252409346,235.07934395066206,20.294179961296173
25/03/2026,08:34:00,4.987013654029976,1.5978309349846902,0.0,3.074935053646132,0.07460601121871242,235.79983823084285,20.9454573469259
25/03/2026,08:35:00,4.865044693700159,1.3934906736658506,0.0,2.9760336910030096,0.1318183118117173,235.47703023420144,20.43318771354067
25/03/2026,08:36:00,4.963293436632437,1.4734714392418375,0.0,3.124217238139775,0.019818029630086987,235.412106630173,20.845832433856238
25/03/2026,08:37:00,4.522282089259018,1.1114164873345076,0.0,3.1917422740789267,0.004304818677407263,239.40010748155603,18.993584774887875
25/03/2026,08:38:00,4.354474807555337,1.006066507932813,0.0,2.9680879127329103,0.1003971527713497,241.776639694283,18.288794191732418
25/03/2026,08:39:00,4.066849656855115,1.6733851599027298,0.0,2.063553118380034,0.12434766055888498,238.7907936572135,17.080768558791483
25/03/2026,08:40:00,5.083746901025907,1.8001098089523482,0.0,2.9600741781622677,0.05403574444806145,241.38152197938817,21.35173698430881
25/03/2026,08:41:00,5.260112783785221,1.81630579498772,0.0,3.0159584228064173,0.012336812535868559,239.94714161767305,22.09247369189793
25/03/2026,08:42:00,4.016370337962798,1.3817007035236983,0.0,2.4288665026056364,0.0411056695871632,237.17591698886037,16.868755419443755
25/03/2026,08:43:00,4.1338978275277025,1.3523680106814608,0.0,2.2949806563520267,0.11966220289122301,238.91222160333763,17.362370875616353
25/03/2026,08:44:00,4.5559255407022645,1.183193671801435,0.0,3.09435476669762,0.19388530079172842,237.79148348822164,19.134887270949513
25/03/2026,08:45:00,5.1744525268400725,1.5521603149248584,0.0,3.2566873493794155,0.06864228316171005,239.01139303100936,21.732700612728305
25/03/2026,08:46:00,3.995880301243097,1.469888272327799,0.0,2.272121751050559,0.16589338968660844,240.88985318695677,16.782697265221007
25/03/2026,08:47:00,4.6103893875838695,1.5213619108674252,0.0,2.6685034390724276,0.047511446106533683,238.27739422701885,19.363635427852252
25/03/2026,08:48:00,4.603053845652937,1.4478197972517148,0.0,2.8039553161904447,0.1128829169701342,237.4175419710486,19.332826151742335
25/03/2026,08:49:00,4.319525958640125,1.3496711787265259,0.0,2.6529557355054645,0.190975126341963,235.1511304937292,18.142009026288527
25/03/2026,08:50:00,4.351236032589299,1.4027005333307971,0.0,2.679810133828882,0.13991935182468446,236.80377826260903,18.275191336875057
25/03/2026,08:51:00,4.993434773351511,1.653480314400483,0.0,3.069635946770419,0.16443469391881596,236.06136789411448,20.97242604807635
25/03/2026,08:52:00,4.06003651311186,1.338019919200619,0.0,2.4253535492062794,0.19983828568636428,235.3129537661081,17.052153355069812
25/03/2026,08:53:00,4.55250834833828,1.3347192217199606,0.0,2.7631933856312956,0.04292827822155598,241.15257648011013,19.120535063020778
25/03/2026,08:54:00,4.944431113221663,1.3904033085832381,0.0,3.112859306042173,0.013970775800752611,238.2420369820171,20.766610675530984
25/03/2026,08:55:00,3.533681320086835,1.027732070166174,0.0,2.2644042125591395,0.1837599652666228,241.21791265421615,14.841461544364707
25/03/2026,08:56:00,5.202850054711876,1.265385098311022,0.0,3.476044885785191,0.17298159107536984,241.04549144804582,21.851970229789877
25/03/2026,08:57:00,4.546097436083114,1.416872107129509,0.0,2.8196556861213704,0.07359570194057459,241.59338340738046,19.09360923154908
25/03/2026,08:58:00,4.310557024722895,1.7326074830206133,0.0,2.3285732678263287,0.15761484032872305,241.53973149897254,18.10433950383616
25/03/2026,08:59:00,4.721124723490071,1.1640729070953415,0.0,3.178068228429363,0.18562534911545164,238.25587601757252,19.8287238386583
25/03/2026,09:00:00,0.24429197867721666,0.0,0.0,0.0,0.07697196754335532,239.95841152313244,1.0260263104443101
25/03/2026,09:01:00,0.2012231124257538,0.0,0.0,0.0,0.1295730973946947,237.09294246980394,0.845137072188166
25/03/2026,09:02:00,0.21045286634571878,0.0,0.0,0.0,0.04329547841771582,236.42166282519236,0.8839020386520189
25/03/2026,09:03:00,0.2822807953636324,0.0,0.0,0.0,0.025496279120838874,235.36441410588085,1.185579340527256
25/03/2026,09:04:00,0.36378510961122446,0.0,0.0,0.0,0.09288523775895884,240.7648176951917,1.5278974603671427
25/03/2026,09:05:00,0.3425261168449826,0.0,0.0,0.0,0.10076397553754686,239.61365944789333,1.438609690748927
25/03/2026,09:06:00,0.4146879364193279,0.0,0.0,0.0,0.017521710651513225,236.41294090922966,1.7416893329611771
25/03/2026,09:07:00,0.3089268455989013,0.0,0.0,0.0,0.0400160423294657,235.39644763739003,1.2974927515153856
25/03/2026,09:08:00,0.2726591296454241,0.0,0.0,0.0,0.10799784912074416,235.55085151463948,1.1451683445107812
25/03/2026,09:09:00,0.49316551754274496,0.0,0.0,0.0,0.03746323156385163,239.98503113452182,2.071295173679529
25/03/2026,09:10:00,0.39271424282582257,0.0,0.0,0.0,0.12923260001377418,240.92298882656706,1.649399819868455
25/03/2026,09:11:00,0.3308485305421852,0.0,0.0,0.0,0.0837936386513059,237.71461233001148,1.389563828277178
25/03/2026,09:12:00,0.2723754814772912,0.0,0.0,0.0,0.07313880501816483,241.46748723208566,1.143977022204623
25/03/2026,09:13:00,0.24892372087520548,0.0,0.0,0.0,0.18269195312726424,236.21541088870467,1.045479627675863
25/03/2026,09:14:00,0.23089574595563547,0.0,0.0,0.0,0.05367914918138683,241.48184399970108,0.969762133013669
25/03/2026,09:15:00,0.46741298972838474,0.0,0.0,0.0,0.19022590862727148,237.38038642384032,1.963134556859216
25/03/2026,09:16:00,0.3372513947015502,0.0,0.0,0.0,0.05319853349648365,240.67798616039988,1.416455857746511
25/03/2026,09:17:00,0.25855579815531254,0.0,0.0,0.0,0.14978200310422904,240.3781535522753,1.0859343522523128
25/03/2026,09:18:00,0.22144012194371787,0.0,0.0,0.0,0.11877827941407859,235.423771938221,0.9300485121636151
25/03/2026,09:19:00,0.3083210746526359,0.0,0.0,0.0,0.0951383260323298,240.76963941827762,1.294948513541071
25/03/2026,09:20:00,0.4502885897313455,0.0,0.0,0.0,0.06876216830170685,240.67418949946958,1.8912120768716512
25/03/2026,09:21:00,0.2862161609324292,0.0,0.0,0.0,0.005608808551266309,236.75571978384633,1.2021078759162027
25/03/2026,09:22:00,0.23505429321453605,0.0,0.0,0.0,0.14630996718671574,235.79265397455296,0.9872280315010514
25/03/2026,09:23:00,0.3795042001757879,0.0,0.0,0.0,0.1618321562660108,237.13795430687742,1.5939176407383093
25/03/2026,09:24:00,0.2750642691522459,0.0,0.0,0.0,0.04984055825385345,235.71464367431383,1.155269930439433
25/03/2026,09:25:00,0.20131130402694536,0.0,0.0,0.0,0.18339186252510908,239.10523530513007,0.8455074769131705
25/03/2026,09:26:00,0.2735417088830661,0.0,0.0,0.0,0.13026611871905794,236.5044463946281,1.1488751773088777
25/03/2026,09:27:00,0.21639864724421976,0.0,0.0,0.0,0.09304455272934663,238.83086647802122,0.908874318425723
25/03/2026,09:28:00,0.21184509196337703,0.0,0.0,0.0,0.14249333051013696,241.3426810072864,0.8897493862461836
25/03/2026,09:29:00,0.4935605970158399,0.0,0.0,0.0,0.07799685713444747,241.16702806292597,2.0729545074665277
25/03/2026,09:30:00,0.32672323633127487,0.0,0.0,0.0,0.01874367193227533,236.9979376446352,1.3722375925913546
25/03/2026,09:31:00,0.40103414225347883,0.0,0.0,0.0,0.08485753462964563,239.36132392054543,1.6843433974646111
25/03/2026,09:32:00,0.39435856469830854,0.0,0.0,0.0,0.140092423955019,240.75102735414924,1.656305971732896
25/03/2026,09:33:00,0.34600453197792846,0.0,0.0,0.0,0.04176801960874117,237.64115552898227,1.4532190343072997
25/03/2026,09:34:00,0.22751757879260442,0.0,0.0,0.0,0.15872807083610407,236.29182159881265,0.9555738309289387
25/03/2026,09:35:00,0.2335891079090464,0.0,0.0,0.0,0.1407336327047166,237.18151249087092,0.981074253217995
25/03/2026,09:36:00,0.28255090828145163,0.0,0.0,0.0,0.17576074058902375,239.35969773457808,1.1867138147820968
25/03/2026,09:37:00,0.40060374751498706,0.0,0.0,0.0,0.10969495177059191,239.664579095459,1.6825357395629457
25/03/2026,09:38:00,0.4578532388666419,0.0,0.0,0.0,0.04085649346282392,241.80544199889783,1.9229836032398961
25/03/2026,09:39:00,0.335464176825928,0.0,0.0,0.0,0.09073267934682164,236.3260708127604,1.4089495426688976
25/03/2026,09:40:00,0.4446358469414559,0.0,0.0,0.0,0.12076118020023652,239.84017737737855,1.867470557154115
25/03/2026,09:41:00,0.3498734508958945,0.0,0.0,0.0,0.1417269525913867,236.23196336490292,1.469468493762757
25/03/2026,09:42:00,0.39715368776456805,0.0,0.0,0.0,0.08369504565175578,238.58573274397386,1.668045488611186
25/03/2026,09:43:00,0.46681499190041864,0.0,0.0,0.0,0.11109463456766484,241.78439593433444,1.9606229659817584
25/03/2026,09:44:00,0.27951234177076073,0.0,0.0,0.0,0.13400172766037105,240.49011340862083,1.1739518354371952
25/03/2026,09:45:00,0.21141401990185688,0.0,0.0,0.0,0.12470074413457373,240.48788571059964,0.8879388835877989
25/03/2026,09:46:00,0.467459784933709,0.0,0.0,0.0,0.060111337742260434,236.574706968647,1.9633310967215778
25/03/2026,09:47:00,0.20724633662763262,0.0,0.0,0.0,0.0900071905748904,239.32769521599715,0.870434613836057
25/03/2026,09:48:00,0.2795899403482943,0.0,0.0,0.0,0.12087823401707616,240.90635510889538,1.1742777494628363
25/03/2026,09:49:00,0.4315986946831373,0.0,0.0,0.0,0.10295602967416494,236.84552833497634,1.8127145176691766
25/03/2026,09:50:00,0.40889869788648836,0.0,0.0,0.0,0.09247006825498948,241.80965590135776,1.7173745311232511
25/03/2026,09:51:00,0.4363639055927827,0.0,0.0,0.0,0.14005376363508967,236.97201969354444,1.8327284034896874
25/03/2026,09:52:00,0.44655632058779515,0.0,0.0,0.0,0.028678244910630802,239.50431445696228,1.8755365464687397
25/03/2026,09:53:00,0.39796254408265813,0.0,0.0,0.0,0.09596417568202575,241.4583840378519,1.6714426851471642
25/03/2026,09:54:00,0.39707036632525156,0.0,0.0,0.0,0.1060326493969832,239.67492938617016,1.6676955385660566
25/03/2026,09:55:00,0.26376665556936885,0.0,0.0,0.0,0.1644873222267481,239.9893093093504,1.1078199533913493
25/03/2026,09:56:00,0.37491806412356365,0.0,0.0,0.0,0.15229567814894662,237.7489988078621,1.5746558693189674
25/03/2026,09:57:00,0.43307260721139584,0.0,0.0,0.0,0.12046815767489734,237.87104873960376,1.8189049502878627
25/03/2026,09:58:00,0.2010342338522024,0.0,0.0,0.0,0.03999306319371159,238.51958444384127,0.8443437821792501
25/03/2026,09:59:00,0.4551836879956209,0.0,0.0,0.0,0.05740505088221022,236.85888757229415,1.911771489581608
25/03/2026,10:00:00,0.405152546935455,0.0,0.0,0.0,0.1903957646567516,237.45145813315645,1.701640697128911
25/03/2026,10:01:00,0.3303153149730134,0.0,0.0,0.0,0.11335126782828749,236.74879525103526,1.3873243228866565
25/03/2026,10:02:00,0.4499534512552043,0.0,0.0,0.0,0.028434464479432542,238.76409351179677,1.8898044952718582
25/03/2026,10:03:00,0.3362231583784584,0.0,0.0,0.0,0.1529772599127036,240.3213908377193,1.4121372651895254
25/03/2026,10:04:00,0.2899112090781585,0.0,0.0,0.0,0.16262367499356237,237.47613475570736,1.2176270781282656
25/03/2026,10:05:00,0.40037836426009854,0.0,0.0,0.0,0.0788911130549856,237.47821636859842,1.681589129892414
25/03/2026,10:06:00,0.3776496664323391,0.0,0.0,0.0,0.08076663938612141,239.01315940830565,1.5861285990158243
25/03/2026,10:07:00,0.4848875659672969,0.0,0.0,0.0,0.017462717601417956,239.3435758013465,2.036527777062647
25/03/2026,10:08:00,0.39776239731382845,0.0,0.0,0.0,0.15132540918196272,239.51211532697025,1.6706020687180796
25/03/2026,10:09:00,0.27356583102764265,0.0,0.0,0.0,0.14340001540063463,238.64326868964923,1.1489764903160993
25/03/2026,10:10:00,0.22556517776550958,0.0,0.0,0.0,0.14413103595522078,241.59045726394902,0.9473737466151403
25/03/2026,10:11:00,0.49107921909919955,0.0,0.0,0.0,0.06834001564309884,236.01678057969622,2.0625327202166384
25/03/2026,10:12:00,0.2841851550588691,0.0,0.0,0.0,0.0340366914968387,241.43771640114448,1.1935776512472502
25/03/2026,10:13:00,0.2409655776498651,0.0,0.0,0.0,0.12068020088252132,237.25970176067796,1.0120554261294334
25/03/2026,10:14:00,0.24212536501354107,0.0,0.0,0.0,0.09024169989424065,235.2515693926342,1.0169265330568724
25/03/2026,10:15:00,0.34537567890203674,0.0,0.0,0.0,0.01669203958510712,237.80612921772743,1.4505778513885543
25/03/2026,10:16:00,0.28002271344433977,0.0,0.0,0.0,0.015192479025558425,235.52686158639722,1.176095396466227
25/03/2026,10:17:00,0.29742596461744425,0.0,0.0,0.0,0.02220183190460452,241.9185527143075,1.249189051393266
25/03/2026,10:18:00,0.2711897447909281,0.0,0.0,0.0,0.11244830618313176,241.46272888457483,1.1389969281218981
25/03/2026,10:19:00,0.4185837371758122,0.0,0.0,0.0,0.03385876121650291,236.36928507295437,1.7580516961384114
25/03/2026,10:20:00,0.30667438030727,0.0,0.0,0.0,0.07619873225571863,239.93935270655754,1.288032397290534
25/03/2026,10:21:00,0.2549756792195315,0.0,0.0,0.0,0.16539194354236308,241.39838523851415,1.0708978527220323
25/03/2026,10:22:00,0.4010297424786956,0.0,0.0,0.0,0.0895461716288384,235.61086431141388,1.6843249184105216
25/03/2026,10:23:00,0.48105198492274853,0.0,0.0,0.0,0.13606942062188057,238.3654958896851,2.0204183366755437
25/03/2026,10:24:00,0.34232227177835084,0.0,0.0,0.0,0.19823977646068824,235.11544110932175,1.4377535414690736
25/03/2026,10:25:00,0.3775404979339487,0.0,0.0,0.0,0.11094605046526135,239.75997217528825,1.5856700913225847
25/03/2026,10:26:00,0.2172187090132383,0.0,0.0,0.0,0.03200887084195186,237.73849646445566,0.9123185778556009
25/03/2026,10:27:00,0.318566898068668,0.0,0.0,0.0,0.02281720917922374,235.18364749828348,1.3379809718884057
25/03/2026,10:28:00,0.41772249998650834,0.0,0.0,0.0,0.03120391998315728,238.48130227859545,1.7544344999433352
25/03/2026,10:29:00,0.44911899369131203,0.0,0.0,0.0,0.12965931410338832,238.80968497294447,1.8862997735035105
25/03/2026,10:30:00,0.29698725196568726,0.0,0.0,0.0,0.08803312581647238,239.33173975276708,1.2473464582558866
25/03/2026,10:31:00,0.4186438646530471,0.0,0.0,0.0,0.026650535338678272,237.67484357469476,1.758304231542798
25/03/2026,10:32:00,0.37542645632150606,0.0,0.0,0.0,0.06562763787849767,238.35935068935734,1.5767911165503254
25/03/2026,10:33:00,0.30549179788036146,0.0,0.0,0.0,0.0722733155504717,238.43969874439455,1.2830655510975182
25/03/2026,10:34:00,0.44448751114281104,0.0,0.0,0.0,0.12980467247853097,238.77639923519445,1.8668475467998065
25/03/2026,10:35:00,0.2344276149331373,0.0,0.0,0.0,0.026795154124319254,241.19961054072309,0.9845959827191767
25/03/2026,10:36:00,0.2319850097177608,0.0,0.0,0.0,0.026779397786861982,235.0968950829903,0.9743370408145954
25/03/2026,10:37:00,0.4380743122783724,0.0,0.0,0.0,0.08329113409654487,241.53137294408893,1.8399121115691641
25/03/2026,10:38:00,0.41356932604880997,0.0,0.0,0.0,0.14961728894716225,240.53405097117667,1.736991169405002
25/03/2026,10:39:00,0.22260598021065015,0.0,0.0,0.0,0.06204576998732754,241.78876104994444,0.9349451168847307
25/03/2026,10:40:00,0.29538827781065785,0.0,0.0,0.0,0.11301462884738767,241.42581645985808,1.240630766804763
25/03/2026,10:41:00,0.3365813918829348,0.0,0.0,0.0,0.06882014333153655,237.75053352116763,1.4136418459083262
25/03/2026,10:42:00,0.20070809793043043,0.0,0.0,0.0,0.13192838522775793,238.58565289645236,0.8429740113078078
25/03/2026,10:43:00,0.22391670487583895,0.0,0.0,0.0,0.15876925717523263,239.73948037766564,0.9404501604785236
25/03/2026,10:44:00,0.3652449720783398,0.0,0.0,0.0,0.18242924812032546,235.12510890336185,1.5340288827290272
25/03/2026,10:45:00,0.41333019912062163,0.0,0.0,0.0,0.0062832119325574535,235.60939187722724,1.7359868363066109
25/03/2026,10:46:00,0.46265495601751866,0.0,0.0,0.0,0.0742472317279849,241.90444558764366,1.9431508152735784
25/03/2026,10:47:00,0.2630683474627432,0.0,0.0,0.0,0.17749690099624849,238.04591931655503,1.1048870593435216
25/03/2026,10:48:00,0.46780813309249414,0.0,0.0,0.0,0.1971808015251568,239.07497508194896,1.9647941589884754
25/03/2026,10:49:00,0.3992257413626652,0.0,0.0,0.0,0.009995198803382222,238.10604597512432,1.6767481137231939
25/03/2026,10:50:00,0.2963698544373009,0.0,0.0,0.0,0.16554459550483103,241.52288519261543,1.244753388636664
25/03/2026,10:51:00,0.4718000685137986,0.0,0.0,0.0,0.07145236496290097,238.00226754071028,1.9815602877579541
25/03/2026,10:52:00,0.23771571326680463,0.0,0.0,0.0,0.1273187273838381,238.63157486342988,0.9984059957205795
25/03/2026,10:53:00,0.36404882657401527,0.0,0.0,0.0,0.0316951429082945,236.6591901774097,1.5290050716108643
25/03/2026,10:54:00,0.3561685464014723,0.0,0.0,0.0,0.050598946872906225,236.83164721656735,1.4959078948861837
25/03/2026,10:55:00,0.2533334853500625,0.0,0.0,0.0,0.16358793851635717,241.3537817955547,1.0640006384702625
25/03/2026,10:56:00,0.2765519232216064,0.0,0.0,0.0,0.075370746855974,240.11865278322114,1.1615180775307468
25/03/2026,10:57:00,0.3343114410490091,0.0,0.0,0.0,0.0015127127127035679,236.69995750475164,1.4041080524058382
25/03/2026,10:58:00,0.24854949726194134,0.0,0.0,0.0,0.09879637240919276,238.50004281079057,1.0439078885001536
25/03/2026,10:59:00,0.44709191305097107,0.0,0.0,0.0,0.19427408681988895,235.61227757793569,1.8777860348140785
25/03/2026,11:00:00,0.46228676216135267,0.0,0.0,0.0,0.1643595608483487,235.0747965882977,1.9416044010776814
25/03/2026,11:01:00,0.40921310138398836,0.0,0.0,0.0,0.0623607141607355,240.00525632642757,1.7186950258127511
25/03/2026,11:02:00,0.22793746915022167,0.0,0.0,0.0,0.033480685615854225,240.25866226771706,0.957337370430931
25/03/2026,11:03:00,0.38043775507253497,0.0,0.0,0.0,0.020144546932114295,239.3426407395879,1.597838571304647
25/03/2026,11:04:00,0.3406481468645798,0.0,0.0,0.0,0.05295678369870056,237.16507358888262,1.4307222168312352
25/03/2026,11:05:00,0.4166819825562029,0.0,0.0,0.0,0.06562571462376397,238.7616027100649,1.7500643267360523
25/03/2026,11:06:00,0.20788830004813147,0.0,0.0,0.0,0.1952605374112873,237.07394476426234,0.8731308602021522
25/03/2026,11:07:00,0.4684823923241411,0.0,0.0,0.0,0.16911179259528522,237.92911121067078,1.9676260477613925
25/03/2026,11:08:00,0.25370081272185596,0.0,0.0,0.0,0.09026164904968675,238.41758617628486,1.0655434134317952
25/03/2026,11:09:00,0.26602788055555276,0.0,0.0,0.0,0.13045564366411136,241.21786152799092,1.1173170983333216
25/03/2026,11:10:00,0.49706411795025307,0.0,0.0,0.0,0.1697806478787979,241.89765951604625,2.087669295391063
25/03/2026,11:11:00,0.3804323636000615,0.0,0.0,0.0,0.08649427535073827,235.4228952582066,1.5978159271202583
25/03/2026,11:12:00,0.29615477931205303,0.0,0.0,0.0,0.0560207130199363,236.06702202264952,1.2438500731106228
25/03/2026,11:13:00,0.48621746836627505,0.0,0.0,0.0,0.049783366365127216,241.80210193715115,2.0421133671383553
25/03/2026,11:14:00,0.22705705118654734,0.0,0.0,0.0,0.19122763755844863,238.0017977652788,0.9536396149834989
25/03/2026,11:15:00,0.3847830305138462,0.0,0.0,0.0,0.15917988454907778,240.64164419848368,1.6160887281581542
25/03/2026,11:16:00,0.4863853191162874,0.0,0.0,0.0,0.04330899190296329,237.61479978957047,2.0428183402884073
25/03/2026,11:17:00,0.23530787021042288,0.0,0.0,0.0,0.1287526671889882,238.31090614454865,0.9882930548837762
25/03/2026,11:18:00,0.3350249970984526,0.0,0.0,0.0,0.062436963048901895,238.89244788740558,1.4071049878135011
25/03/2026,11:19:00,0.3435553184366804,0.0,0.0,0.0,0.17926607246460072,235.9575909958488,1.4429323374340577
25/03/2026,11:20:00,0.46819728922342635,0.0,0.0,0.0,0.19545884431187374,236.44898200385967,1.9664286147383907
25/03/2026,11:21:00,0.27565147647915006,0.0,0.0,0.0,0.012137181716767831,239.6825620353672,1.1577362012124304
25/03/2026,11:22:00,0.4600437986655874,0.0,0.0,0.0,0.13106156271287311,240.77794789678688,1.9321839543954673
25/03/2026,11:23:00,0.22853312603493683,0.0,0.0,0.0,0.13141321652053892,236.41288079831503,0.9598391293467348
25/03/2026,11:24:00,0.34038233366097304,0.0,0.0,0.0,0.10989541528926652,235.98316217105682,1.4296058013760868
25/03/2026,11:25:00,0.21960732888298948,0.0,0.0,0.0,0.0363979843462418,237.75962044721078,0.9223507813085559
25/03/2026,11:26:00,0.38916522029302925,0.0,0.0,0.0,0.025704944899550265,238.60777594430647,1.634493925230723
25/03/2026,11:27:00,0.37881243135471826,0.0,0.0,0.0,0.06432102481737877,238.5952004255316,1.5910122116898167
25/03/2026,11:28:00,0.4343789912942248,0.0,0.0,0.0,0.08331178291301018,238.478337149571,1.8243917634357443
25/03/2026,11:29:00,0.3147111966158326,0.0,0.0,0.0,0.09581658925540007,236.22041486779997,1.321787025786497
25/03/2026,11:30:00,0.37413717523811324,0.0,0.0,0.0,0.08823639017099123,239.8852155468661,1.5713761360000758
25/03/2026,11:31:00,0.353636549036246,0.0,0.0,0.0,0.0007147460730372535,241.07709644176694,1.485273505952233
25/03/2026,11:32:00,0.3638300958008778,0.0,0.0,0.0,0.1795863928449762,236.1038517334975,1.5280864023636866
25/03/2026,11:33:00,0.30854782426804456,0.0,0.0,0.0,0.034286456016334246,235.81920644807744,1.2959008619257872
25/03/2026,11:34:00,0.44609087594878505,0.0,0.0,0.0,0.03690619170673624,235.45767358634959,1.8735816789848974
25/03/2026,11:35:00,0.299334005010888,0.0,0.0,0.0,0.023606231710137007,240.89468427536517,1.2572028210457298
25/03/2026,11:36:00,0.21957057231579638,0.0,0.0,0.0,0.08655718066299119,238.45611887140478,0.9221964037263448
25/03/2026,11:37:00,0.4377644940002736,0.0,0.0,0.0,0.0770915302782907,236.48892667657853,1.8386108748011494
25/03/2026,11:38:00,0.43609868543780206,0.0,0.0,0.0,0.059405131619970256,240.6263339262379,1.8316144788387687
25/03/2026,11:39:00,0.3138630706417136,0.0,0.0,0.0,0.017888062742639432,239.73777166747774,1.318224896695197
25/03/2026,11:40:00,0.2678006129006348,0.0,0.0,0.0,0.0802214550123537,239.44030958664675,1.1247625741826661
25/03/2026,11:41:00,0.3306315068791189,0.0,0.0,0.0,0.020720183180964316,237.56966283600505,1.3886523288922994
25/03/2026,11:42:00,0.4569902999343336,0.0,0.0,0.0,0.18918816614221837,241.21892640222464,1.9193592597242013
25/03/2026,11:43:00,0.44990875117654017,0.0,0.0,0.0,0.039732273284228264,239.35984338956868,1.8896167549414689
25/03/2026,11:44:00,0.20377007075435166,0.0,0.0,0.0,0.12230036854945461,235.98024305798032,0.855834297168277
25/03/2026,11:45:00,0.38914199190756105,0.0,0.0,0.0,0.15940052678889116,235.73088504404976,1.6343963660117564
25/03/2026,11:46:00,0.3583797974362014,0.0,0.0,0.0,0.1276539008911701,240.05695946091393,1.505195149232046
25/03/2026,11:47:00,0.44696901500767106,0.0,0.0,0.0,0.1435329138573452,238.72741863629207,1.8772698630322184
25/03/2026,11:48:00,0.2540916480829698,0.0,0.0,0.0,0.15879914862797975,241.74277086092306,1.0671849219484733
25/03/2026,11:49:00,0.4785033669643863,0.0,0.0,0.0,0.15622695287360577,235.89070947465723,2.0097141412504222
25/03/2026,11:50:00,0.377854752484987,0.0,0.0,0.0,0.19246251386628588,238.61355724269066,1.5869899604369455
25/03/2026,11:51:00,0.36870025901932924,0.0,0.0,0.0,0.06350724478949965,240.6031482159767,1.548541087881183
25/03/2026,11:52:00,0.3199095703213036,0.0,0.0,0.0,0.09653917766103824,238.09750332087773,1.3436201953494753
25/03/2026,11:53:00,0.3783585248387227,0.0,0.0,0.0,0.16276332152023787,239.1564208103172,1.5891058043226354
25/03/2026,11:54:00,0.26754316944857587,0.0,0.0,0.0,0.13422340390651344,240.93149298275839,1.1236813116840187
25/03/2026,11:55:00,0.2172757359728404,0.0,0.0,0.0,0.14094800749029723,239.72585070680972,0.9125580910859297
25/03/2026,11:56:00,0.3453259670180068,0.0,0.0,0.0,0.1444070543527138,236.38666917590064,1.4503690614756286
25/03/2026,11:57:00,0.24776623955855454,0.0,0.0,0.0,0.010927312641894726,239.35811018754626,1.040618206145929
25/03/2026,11:58:00,0.47967714860923727,0.0,0.0,0.0,0.1744486711788464,235.8521961053591,2.0146440241587964
25/03/2026,11:59:00,0.37914169017961846,0.0,0.0,0.0,0.14060004712844185,236.36727698817143,1.5923950987543976
25/03/2026,12:00:00,2.283851783195191,1.800845611995773,0.0,0.0,0.1370167107423688,235.70850669796104,9.592177489419804
25/03/2026,12:01:00,2.00500784258238,1.6685763731910357,0.0,0.0,0.03369106740439953,241.26239608308055,8.421032938845995
25/03/2026,12:02:00,2.4975545003638677,2.265723851980853,0.0,0.0,0.1889516448200561,237.87598053616503,10.489728901528245
25/03/2026,12:03:00,2.50917192995446,2.1117165043411372,0.0,0.0,0.08831107995580828,237.41613386470988,10.538522105808733
25/03/2026,12:04:00,2.0436299463470906,1.60701997588768,0.0,0.0,0.19517698313565507,236.08629999723914,8.583245774657781
25/03/2026,12:05:00,2.3711311367079153,2.08568738797974,0.0,0.0,0.022446309513308373,240.5550954544858,9.958750774173245
25/03/2026,12:06:00,2.2570420030620206,2.0429586970617963,0.0,0.0,0.13741277340158553,237.7990689364747,9.479576412860487
25/03/2026,12:07:00,1.9530075837437568,1.5091433266722905,0.0,0.0,0.054816077452112415,237.64703640878992,8.20263185172378
25/03/2026,12:08:00,2.833825563624844,2.4717754126904645,0.0,0.0,0.08199825555057781,235.55938349794744,11.902067367224346
25/03/2026,12:09:00,2.036780290042486,1.5999020799037194,0.0,0.0,0.12002771318332837,238.50240623241845,8.554477218178441
25/03/2026,12:10:00,2.5979269841270334,2.268193415500778,0.0,0.0,0.035545584077396296,241.2796373360451,10.911293333333541
25/03/2026,12:11:00,2.391241362290013,2.0326322706364817,0.0,0.0,0.12255673538436639,236.91528806374126,10.043213721618056
25/03/2026,12:12:00,1.9341325821500612,1.7194055769180683,0.0,0.0,0.14942718886649117,238.55684852438682,8.123356845030257
25/03/2026,12:13:00,2.198995088940186,1.9698973287196337,0.0,0.0,0.018905796395314957,241.19308974810363,9.235779373548782
25/03/2026,12:14:00,1.951014896600829,1.7493596699011227,0.0,0.0,0.07449390805236536,236.74746338996002,8.194262565723482
25/03/2026,12:15:00,2.6751741192774485,2.396826289064582,0.0,0.0,0.06840316652086438,237.5984411745112,11.235731300965284
25/03/2026,12:16:00,1.8965226577798044,1.5872539921874884,0.0,0.0,0.1374775007733255,240.89533960819608,7.965395162675179
25/03/2026,12:17:00,2.4578457000294733,2.1683231850294686,0.0,0.0,0.14281242597858065,240.23040727177295,10.322951940123788
25/03/2026,12:18:00,2.355937023787696,2.0349189765025066,0.0,0.0,0.16069022194147004,236.74177205484844,9.894935499908325
25/03/2026,12:19:00,2.6274423552962345,2.196150785643522,0.0,0.0,0.02759007630339625,238.9497278787749,11.035257892244186
25/03/2026,12:20:00,2.274596316550414,1.8332563277418221,0.0,0.0,0.040276334125576185,237.09594238770612,9.55330452951174
25/03/2026,12:21:00,2.209888016289827,1.8085135181037786,0.0,0.0,0.13278697059876093,236.98174305977818,9.281529668417274
25/03/2026,12:22:00,2.8333913234132564,2.404073143135224,0.0,0.0,0.04761405795165361,237.934479240132,11.900243558335678
25/03/2026,12:23:00,2.521393166177679,2.0728422541429885,0.0,0.0,0.11669458897130391,241.48552516101518,10.589851297946252
25/03/2026,12:24:00,2.2396216674169387,1.8381475248931336,0.0,0.0,0.10929281543742574,240.10714652340718,9.406411003151144
25/03/2026,12:25:00,2.3955347712899355,2.0020098193889684,0.0,0.0,0.19547851252426846,235.26532744983885,10.06124603941773
25/03/2026,12:26:00,2.2406905603894685,1.980148842094771,0.0,0.0,0.08730988901123644,237.50664163532085,9.410900353635768
25/03/2026,12:27:00,1.8179156321597465,1.613862204424049,0.0,0.0,0.1896785864035564,236.87537084158188,7.6352456550709356
25/03/2026,12:28:00,2.200526312021255,1.888602780290015,0.0,0.0,0.12955512827307314,238.24702083337903,9.242210510489272
25/03/2026,12:29:00,2.0783341452756474,1.7321069552903219,0.0,0.0,0.037029764559350364,239.69402530270347,8.72900341015772
25/03/2026,12:30:00,1.9370627006103145,1.630882054476333,0.0,0.0,0.15135023286611435,237.0108098076969,8.135663342563321
25/03/2026,12:31:00,2.4455728196752458,2.138267743742988,0.0,0.0,0.05894669270396422,238.18961592009816,10.271405842636032
25/03/2026,12:32:00,2.1085629572111655,1.8405567423032982,0.0,0.0,0.14707667883698403,235.3319519587713,8.855964420286895
25/03/2026,12:33:00,2.800730156574601,2.4291750457997785,0.0,0.0,0.08691746259264684,240.98667834265768,11.763066657613324
25/03/2026,12:34:00,2.495355122191186,2.117452020034836,0.0,0.0,0.029672888249390118,238.53722492891148,10.480491513202981
25/03/2026,12:35:00,2.2847268195453743,1.8629634442404646,0.0,0.0,0.09783954250652692,236.89748364728564,9.595852642090572
25/03/2026,12:36:00,2.4500760606100815,2.2019664739548266,0.0,0.0,0.06977219197082878,241.52731468187602,10.290319454562344
25/03/2026,12:37:00,2.7528589661181213,2.3783797269085833,0.0,0.0,0.08883569824125266,236.6095187540089,11.56200765769611
25/03/2026,12:38:00,2.526251652486295,2.1018494603503974,0.0,0.0,0.09833358431581612,238.5813568472439,10.61025694044244
25/03/2026,12:39:00,2.41999823818416,2.0302481343874907,0.0,0.0,0.02226445061019271,241.77556197226522,10.163992600373472
25/03/2026,12:40:00,2.509763410371488,2.180023690127211,0.0,0.0,0.12579173013768538,241.20874066535575,10.54100632356025
25/03/2026,12:41:00,2.049604760209232,1.600258042412074,0.0,0.0,0.1565749516362135,238.18579008998168,8.608339992878776
25/03/2026,12:42:00,2.388520514709124,2.0967750978883455,0.0,0.0,0.04707033573963729,239.63279522386853,10.03178616177832
25/03/2026,12:43:00,2.5153182343698783,2.1492818384730303,0.0,0.0,0.015075111374478856,239.48462025780094,10.564336584353489
25/03/2026,12:44:00,2.590104287513034,2.2197902770444173,0.0,0.0,0.15028393138064736,240.49292361943657,10.878438007554744
25/03/2026,12:45:00,1.8476633116299281,1.5448525306829428,0.0,0.0,0.016691624542019223,237.65858584351713,7.760185908845698
25/03/2026,12:46:00,1.921946175267296,1.7106205899994942,0.0,0.0,0.09598057202486408,237.86958136208213,8.072173936122644
25/03/2026,12:47:00,2.6895625990233105,2.36110020528509,0.0,0.0,0.19617628300200174,239.45553470475096,11.296162915897904
25/03/2026,12:48:00,2.8814160144551453,2.396640144476707,0.0,0.0,0.08576064376678827,241.57924230796232,12.101947260711611
25/03/2026,12:49:00,2.3630357602597547,2.122049696989479,0.0,0.0,0.16127704865985856,239.5173006448441,9.92475019309097
25/03/2026,12:50:00,2.1806785234972885,1.9216706085647797,0.0,0.0,0.1899612536103697,241.2989473853055,9.158849798688612
25/03/2026,12:51:00,1.9768227052011493,1.5249314661208708,0.0,0.0,0.07977631579455978,237.57260329021523,8.302655361844828
25/03/2026,12:52:00,2.283096406631502,2.0045912093264797,0.0,0.0,0.050741280785240164,238.01562823130564,9.589004907852308
25/03/2026,12:53:00,2.3357231451906797,1.9516028444764346,0.0,0.0,0.006257714512777657,237.3048205583444,9.810037209800855
25/03/2026,12:54:00,2.420479210702779,2.1808391016073374,0.0,0.0,0.1851970497152333,237.07401503472437,10.166012684951673
25/03/2026,12:55:00,2.6836430286996267,2.468210544891373,0.0,0.0,0.12092675046861719,235.112348725275,11.271300720538433
25/03/2026,12:56:00,2.2837711803833134,1.8147851245214066,0.0,0.0,0.1390607325575945,239.17429899686815,9.591838957609916
25/03/2026,12:57:00,1.9109437770886863,1.625214771034929,0.0,0.0,0.041599486198263175,235.4193767148907,8.025963863772484
25/03/2026,12:58:00,2.8390770478789062,2.3430213826816377,0.0,0.0,0.19171493876459733,237.35545403445008,11.924123601091408
25/03/2026,12:59:00,2.0788672713836016,1.7014583485787629,0.0,0.0,0.15795979550400782,241.21777878821774,8.731242539811127
25/03/2026,13:00:00,0.4150566756706717,0.0,0.0,0.0,0.16108522689999294,237.97460442932086,1.7432380378168213
25/03/2026,13:01:00,0.3606752440185862,0.0,0.0,0.0,0.1825341946363436,238.5106724460767,1.5148360248780621
25/03/2026,13:02:00,0.2703891552866377,0.0,0.0,0.0,0.12398770091048116,237.82348244194858,1.1356344522038784
25/03/2026,13:03:00,0.2682604146702401,0.0,0.0,0.0,0.17360439764471947,239.13629769764444,1.1266937416150085
25/03/2026,13:04:00,0.2146305532299439,0.0,0.0,0.0,0.08193110812080658,240.3559527285903,0.9014483235657644
25/03/2026,13:05:00,0.45144957325028523,0.0,0.0,0.0,0.06480771345893543,238.5587572040824,1.896088207651198
25/03/2026,13:06:00,0.21626380988847602,0.0,0.0,0.0,0.09006612064444675,239.13028349196892,0.9083080015315993
25/03/2026,13:07:00,0.42055147367733237,0.0,0.0,0.0,0.09560519088893071,238.72532291547486,1.766316189444796
25/03/2026,13:08:00,0.2647357624796485,0.0,0.0,0.0,0.06651890642297927,236.70728241077003,1.1118902024145236
25/03/2026,13:09:00,0.42891404757983675,0.0,0.0,0.0,0.044915227082579584,238.14457951214183,1.8014389998353144
25/03/2026,13:10:00,0.3699249386825937,0.0,0.0,0.0,0.1817866489445783,237.55973865474513,1.5536847424668936
25/03/2026,13:11:00,0.4276721693665514,0.0,0.0,0.0,0.18269562644480697,237.9520946080657,1.796223111339516
25/03/2026,13:12:00,0.22932640285069392,0.0,0.0,0.0,0.07420463481115824,238.32351934975014,0.9631708919729145
25/03/2026,13:13:00,0.49966144145242586,0.0,0.0,0.0,0.021315699371675458,235.18374270803028,2.0985780541001886
25/03/2026,13:14:00,0.46579971546704313,0.0,0.0,0.0,0.07458118008406033,239.17775343484962,1.9563588049615812
25/03/2026,13:15:00,0.2674112537241261,0.0,0.0,0.0,0.05561416587990893,240.61031164299845,1.1231272656413298
25/03/2026,13:16:00,0.31610542014554,0.0,0.0,0.0,0.045043381443515634,239.19385844197816,1.327642764611268
25/03/2026,13:17:00,0.3057806690838906,0.0,0.0,0.0,0.004856646631438366,240.08697226572423,1.2842788101523406
25/03/2026,13:18:00,0.3456973858896242,0.0,0.0,0.0,0.051534936979350104,241.58891080251857,1.4519290207364215
25/03/2026,13:19:00,0.3524379238812434,0.0,0.0,0.0,0.18826021026692794,235.7261591261164,1.4802392803012223
25/03/2026,13:20:00,0.23870323101904473,0.0,0.0,0.0,0.09114852700045933,237.02668972622965,1.002553570279988
25/03/2026,13:21:00,0.473777539947795,0.0,0.0,0.0,0.07464691641998171,239.77396518496556,1.989865667780739
25/03/2026,13:22:00,0.2819971382716463,0.0,0.0,0.0,0.07199553038684184,240.4108486435104,1.1843879807409146
25/03/2026,13:23:00,0.4133325401233122,0.0,0.0,0.0,0.0578222052300704,240.86871053268163,1.7359966685179113
25/03/2026,13:24:00,0.41024461467812745,0.0,0.0,0.0,0.012143029252165906,238.08872993076446,1.7230273816481354
25/03/2026,13:25:00,0.26722807139147564,0.0,0.0,0.0,0.18896551170620424,240.67358029574373,1.1223578998441976
25/03/2026,13:26:00,0.3842049212707166,0.0,0.0,0.0,0.036540927521780064,240.56432142479528,1.6136606693370097
25/03/2026,13:27:00,0.22779960124681536,0.0,0.0,0.0,0.08066028241227088,235.059690751722,0.9567583252366245
25/03/2026,13:28:00,0.40885614764884537,0.0,0.0,0.0,0.07001685764686008,237.39734482779113,1.7171958201251507
25/03/2026,13:29:00,0.4296674553155475,0.0,0.0,0.0,0.13747094158771528,238.61013268389522,1.8046033123252996
25/03/2026,13:30:00,0.24804157045110098,0.0,0.0,0.0,0.19537944514822847,237.67056588837647,1.041774595894624
25/03/2026,13:31:00,0.25386444480166,0.0,0.0,0.0,0.023188647802832852,241.01612448838898,1.066230668166972
25/03/2026,13:32:00,0.30527664829629086,0.0,0.0,0.0,0.1798096762504616,238.57372281098554,1.2821619228444217
25/03/2026,13:33:00,0.2074580435551116,0.0,0.0,0.0,0.06124442757893922,238.0198859743974,0.8713237829314687
25/03/2026,13:34:00,0.31289637526035396,0.0,0.0,0.0,0.1971557507365673,239.6078256330548,1.3141647760934867
25/03/2026,13:35:00,0.4272982420406779,0.0,0.0,0.0,0.1781594191811705,236.45247203840714,1.7946526165708472
25/03/2026,13:36:00,0.4418914474808966,0.0,0.0,0.0,0.0075012153514522955,239.14706296607713,1.8559440794197657
25/03/2026,13:37:00,0.33768511684829294,0.0,0.0,0.0,0.1410669746001242,239.52784351987873,1.4182774907628304
25/03/2026,13:38:00,0.459310813175844,0.0,0.0,0.0,0.15034694934679022,236.71639570368896,1.9291054153385447
25/03/2026,13:39:00,0.2548643602285828,0.0,0.0,0.0,0.06985672756517802,239.33584619772137,1.0704303129600476
25/03/2026,13:40:00,0.21682536850499523,0.0,0.0,0.0,0.17899620421809986,241.07679249736506,0.91066654772098
25/03/2026,13:41:00,0.20072331195124865,0.0,0.0,0.0,0.17560356726656134,236.30958731376222,0.8430379101952443
25/03/2026,13:42:00,0.3809761293277455,0.0,0.0,0.0,0.09270365493652566,238.52406628759184,1.6000997431765311
25/03/2026,13:43:00,0.2702954989881749,0.0,0.0,0.0,0.014404233787364662,237.7351562710997,1.1352410957503347
25/03/2026,13:44:00,0.3057570411339785,0.0,0.0,0.0,0.014292802906164016,236.17744976441566,1.2841795727627097
25/03/2026,13:45:00,0.37138788538144385,0.0,0.0,0.0,0.06825372261231442,238.10104838050717,1.5598291186020643
25/03/2026,13:46:00,0.30727753172468875,0.0,0.0,0.0,0.13797278132285973,237.39173012417012,1.2905656332436928
25/03/2026,13:47:00,0.38153119640983824,0.0,0.0,0.0,0.09640995376969985,236.0872146187256,1.6024310249213207
25/03/2026,13:48:00,0.3202050011741147,0.0,0.0,0.0,0.09429458664137798,238.994580191792,1.344861004931282
25/03/2026,13:49:00,0.419438010423522,0.0,0.0,0.0,0.1982113207730879,238.58907627513094,1.7616396437787927
25/03/2026,13:50:00,0.4658567691608767,0.0,0.0,0.0,0.009870480363166956,237.18994048843604,1.9565984304756823
25/03/2026,13:51:00,0.4658224865944205,0.0,0.0,0.0,0.06915849568458828,238.32955149282932,1.956454443696566
25/03/2026,13:52:00,0.43495107858146415,0.0,0.0,0.0,0.14525107960308173,237.43224604250992,1.8267945300421495
25/03/2026,13:53:00,0.35656143234911697,0.0,0.0,0.0,0.12103081901633034,238.33289810134215,1.4975580158662913
25/03/2026,13:54:00,0.42832394308212535,0.0,0.0,0.0,0.03406696002597982,236.72364153260094,1.7989605609449266
25/03/2026,13:55:00,0.49240829031944705,0.0,0.0,0.0,0.040277570759073435,235.0288759753648,2.0681148193416776
25/03/2026,13:56:00,0.33876927148784575,0.0,0.0,0.0,0.08480394111532255,237.7454808295224,1.4228309402489523
25/03/2026,13:57:00,0.46001869598711564,0.0,0.0,0.0,0.11659164211521285,240.67830841065688,1.9320785231458857
25/03/2026,13:58:00,0.31994372281268535,0.0,0.0,0.0,0.034788327019804145,237.88228707745708,1.3437636358132785
25/03/2026,13:59:00,0.35071374951337875,0.0,0.0,0.0,0.16803524166767878,239.4419720163819,1.4729977479561909
25/03/2026,14:00:00,1.7709583299737677,0.0,1.3098066211690336,0.0,0.11982574328301548,236.18578000683527,7.438024985889824
25/03/2026,14:01:00,1.9915401281397456,0.0,1.6761159530253635,0.0,0.12952186210964398,239.37971211510322,8.364468538186932
25/03/2026,14:02:00,1.866295012400541,0.0,1.6495274053868711,0.0,0.11611361637019049,236.83538697693484,7.838439052082273
25/03/2026,14:03:00,1.9689525589875716,0.0,1.5867826537025493,0.0,0.1678994193233959,237.37941379992174,8.2696007477478
25/03/2026,14:04:00,1.9639605016477797,0.0,1.6641901671032682,0.0,0.10159439561313464,241.722807589693,8.248634106920676
25/03/2026,14:05:00,2.1620327654282083,0.0,1.9458876008059725,0.0,0.04553103485952619,241.58199578362812,9.080537614798475
25/03/2026,14:06:00,1.7055789825329621,0.0,1.3703205000958811,0.0,0.09888870865286921,239.49005191684992,7.163431726638441
25/03/2026,14:07:00,1.5757478905098927,0.0,1.1364472408438493,0.0,0.07979248733551524,240.60259515204515,6.6181411401415495
25/03/2026,14:08:00,1.9522936189292726,0.0,1.643933890322048,0.0,0.02280703445958765,239.44523488148252,8.199633199502944
25/03/2026,14:09:00,1.9829496043527708,0.0,1.6486118423655012,0.0,0.17806079893892768,237.16895217429064,8.328388338281638
25/03/2026,14:10:00,1.6802543441146753,0.0,1.461967788478007,0.0,0.19227901143960185,235.40246815413397,7.057068245281637
25/03/2026,14:11:00,1.58302943583661,0.0,1.321095693771337,0.0,0.13636073885504826,237.07318917790903,6.648723630513762
25/03/2026,14:12:00,2.078463257460173,0.0,1.6262326795334852,0.0,0.19071400627635823,238.6044534720432,8.729545681332727
25/03/2026,14:13:00,1.6381845542430007,0.0,1.419503745911679,0.0,0.19977537915210164,235.4730588775325,6.880375127820603
25/03/2026,14:14:00,1.4905520104709389,0.0,1.0454667230747439,0.0,0.03830111677901207,237.00609249460095,6.260318443977943
25/03/2026,14:15:00,1.4965267686320627,0.0,1.1368971777928318,0.0,0.061061695386907935,240.63198551965414,6.285412428254664
25/03/2026,14:16:00,1.6389758296936863,0.0,1.3270280869037037,0.0,0.17527954352701114,239.85386500891906,6.883698484713483
25/03/2026,14:17:00,1.501151665359144,0.0,1.0143235151904628,0.0,0.1272745967996078,239.51453839478137,6.304836994508404
25/03/2026,14:18:00,1.8155265581067404,0.0,1.479388767624373,0.0,0.17792947779768556,235.58684856764512,7.62521154404831
25/03/2026,14:19:00,1.9738543669276556,0.0,1.56910639995775,0.0,0.16456056347699133,235.64109866175616,8.290188341096155
25/03/2026,14:20:00,1.935305438420781,0.0,1.5273454251819527,0.0,0.004674112570068068,237.18472343448408,8.12828284136728
25/03/2026,14:21:00,2.2877414577007418,0.0,1.863067700985941,0.0,0.1322291137585013,235.33704322441443,9.608514122343117
25/03/2026,14:22:00,1.6659943766911163,0.0,1.2345966586115051,0.0,0.15542817853565807,235.5560263539788,6.997176382102689
25/03/2026,14:23:00,2.1039088547944407,0.0,1.7426401269775613,0.0,0.18449463070302727,241.12635715883928,8.83641719013665
25/03/2026,14:24:00,2.319102727645264,0.0,1.9979710691666817,0.0,0.09085906179079811,238.03874719098013,9.74023145611011
25/03/2026,14:25:00,1.8716274094798155,0.0,1.4840671246796973,0.0,0.12397231770721487,235.2362060684268,7.860835119815226
25/03/2026,14:26:00,1.5672900974075297,0.0,1.1951127591705144,0.0,0.009194329968522387,239.56739223905652,6.582618409111625
25/03/2026,14:27:00,1.639931282304467,0.0,1.3683895003212392,0.0,0.09937980782932979,241.76443422304078,6.887711385678761
25/03/2026,14:28:00,1.8676485472287967,0.0,1.6250466599428561,0.0,0.05502754631448836,240.37230315572438,7.844123898360946
25/03/2026,14:29:00,1.6048734089549952,0.0,1.2533523930313228,0.0,0.04717657686195287,237.64681074875196,6.74046831761098
25/03/2026,14:30:00,1.8928771612063064,0.0,1.6056758427547635,0.0,0.0774314581167006,239.50964575194126,7.950084077066488
25/03/2026,14:31:00,2.130502713064339,0.0,1.771435421374354,0.0,0.04820633558451473,240.47855400920008,8.948111394870224
25/03/2026,14:32:00,2.276545216751464,0.0,1.833169477423199,0.0,0.06689981094453235,235.45308930348705,9.56148991035615
25/03/2026,14:33:00,1.5564493566477569,0.0,1.143388606954847,0.0,0.14230503420279725,241.41106412052378,6.537087297920579
25/03/2026,14:34:00,2.218534879610385,0.0,1.877805942397094,0.0,0.049740895913031616,238.35376443211317,9.317846494363618
25/03/2026,14:35:00,1.5809032067796827,0.0,1.2351349599609995,0.0,0.12534453342802673,235.16184075776468,6.639793468474667
25/03/2026,14:36:00,1.6413534203151028,0.0,1.425499843475437,0.0,0.017965354614993847,237.56399432655775,6.893684365323432
25/03/2026,14:37:00,1.7077307634984717,0.0,1.465255618382306,0.0,0.10288578952769263,238.28671931942742,7.172469206693582
25/03/2026,14:38:00,1.7806295695702445,0.0,1.4451118187299512,0.0,0.13623940327524195,236.80744604129853,7.478644192195027
25/03/2026,14:39:00,1.7236722567748064,0.0,1.3593270772794095,0.0,0.16872867889697996,238.04921765752093,7.239423478454187
25/03/2026,14:40:00,1.3173797053630478,0.0,1.0415537913807174,0.0,0.0789565657684581,235.687242743237,5.532994762524801
25/03/2026,14:41:00,1.6016303065156199,0.0,1.2409943083734731,0.0,0.10851945685805849,237.72247957626487,6.726847287365604
25/03/2026,14:42:00,2.1917278456281672,0.0,1.789484406861158,0.0,0.1881213469590957,238.05245148065688,9.205256951638303
25/03/2026,14:43:00,2.3681744793996464,0.0,1.9971883677591333,0.0,0.05717463047696472,238.54806847300526,9.946332813478515
25/03/2026,14:44:00,2.078248388298813,0.0,1.69958522564538,0.0,0.146523017940255,238.33626585790148,8.728643230855015
25/03/2026,14:45:00,1.8053136481808874,0.0,1.4244624595855926,0.0,0.06730348205699788,240.35339123545106,7.582317322359727
25/03/2026,14:46:00,1.5265691293420374,0.0,1.20089740907358,0.0,0.095190608324497,238.7650754469663,6.411590343236557
25/03/2026,14:47:00,1.7540178875369805,0.0,1.4104567606268852,0.0,0.11182388457119147,239.16555259572226,7.366875127655319
25/03/2026,14:48:00,2.207908341366265,0.0,1.7333391928465731,0.0,0.11391293912947259,235.81683035016786,9.273215033738312
25/03/2026,14:49:00,1.38702350015899,0.0,1.051827464538157,0.0,0.008018469548193963,235.8331176859125,5.825498700667758
25/03/2026,14:50:00,1.9342655735974124,0.0,1.5373996027295767,0.0,0.18933672397464402,239.82468666936563,8.123915409109133
25/03/2026,14:51:00,2.040347366314521,0.0,1.643943440346464,0.0,0.01963976229925253,241.548605986632,8.569458938520988
25/03/2026,14:52:00,1.519704104219892,0.0,1.1844909862927686,0.0,0.08832003837196056,235.4033082374247,6.382757237723546
25/03/2026,14:53:00,1.8349343400050833,0.0,1.4850821573450717,0.0,0.15289212164537683,240.99502013036312,7.70672422802135
25/03/2026,14:54:00,1.7873773407539895,0.0,1.5270195402395363,0.0,0.17437901516749255,235.14578612178641,7.506984831166756
25/03/2026,14:55:00,1.3598589681796913,0.0,1.0636350509867216,0.0,0.12126725671896342,240.28226616621512,5.711407666354704
25/03/2026,14:56:00,2.1235684815657825,0.0,1.7520717868775297,0.0,0.046149116990391884,240.79997081952715,8.918987622576287
25/03/2026,14:57:00,1.5926493147334764,0.0,1.3186624904768982,0.0,0.03543127753769211,236.68626909826816,6.689127121880601
25/03/2026,14:58:00,1.4328069572097677,0.0,1.055234773142371,0.0,0.18207575570343126,239.5928989463421,6.017789220281024
25/03/2026,14:59:00,1.9501200322111993,0.0,1.4582442998860314,0.0,0.0020740745133726703,235.2832606442994,8.190504135287037
25/03/2026,15:00:00,0.24474609489973387,0.0,0.0,0.0,0.08565331171994695,237.58521335058066,1.0279335985788822
25/03/2026,15:01:00,0.3396046080619902,0.0,0.0,0.0,0.005669568091447786,235.85101058125494,1.426339353860359
25/03/2026,15:02:00,0.33227067337847893,0.0,0.0,0.0,0.13910855715537504,239.132539888099,1.3955368281896117
25/03/2026,15:03:00,0.3397352255668865,0.0,0.0,0.0,0.07828665340210952,241.49216447185955,1.4268879473809235
25/03/2026,15:04:00,0.31367878713843167,0.0,0.0,0.0,0.11789199035875984,236.64733700167363,1.317450905981413
25/03/2026,15:05:00,0.3009331468020511,0.0,0.0,0.0,0.04630837986307839,241.02597589046508,1.2639192165686146
25/03/2026,15:06:00,0.3342393124787386,0.0,0.0,0.0,0.0646271616980769,240.24336215700475,1.4038051124107023
25/03/2026,15:07:00,0.4534141306998122,0.0,0.0,0.0,0.07476982127226049,241.70471749122865,1.9043393489392113
25/03/2026,15:08:00,0.37372380968300944,0.0,0.0,0.0,0.06466879602947921,241.94585368138237,1.5696400006686397
25/03/2026,15:09:00,0.21284295879944468,0.0,0.0,0.0,0.15113594414797465,241.46104327038347,0.8939404269576676
25/03/2026,15:10:00,0.4780202690244148,0.0,0.0,0.0,0.19611073404520363,235.82642016077446,2.0076851299025424
25/03/2026,15:11:00,0.29325594485118445,0.0,0.0,0.0,0.17197643631182885,241.2380108789182,1.2316749683749748
25/03/2026,15:12:00,0.36272944763443804,0.0,0.0,0.0,0.18058585239876035,239.28629705543707,1.5234636800646397
25/03/2026,15:13:00,0.354649892207231,0.0,0.0,0.0,0.08468522956904714,239.57211436442643,1.4895295472703702
25/03/2026,15:14:00,0.478456939676294,0.0,0.0,0.0,0.030571940813904686,241.85599188420042,2.009519146640435
25/03/2026,15:15:00,0.28677336299696665,0.0,0.0,0.0,0.05468553018694758,237.7235756056823,1.20444812458726
25/03/2026,15:16:00,0.483983105522563,0.0,0.0,0.0,0.06541487806759842,238.94037600203458,2.032729043194765
25/03/2026,15:17:00,0.2334309438071624,0.0,0.0,0.0,0.10205436564013531,241.5025394457479,0.9804099639900821
25/03/2026,15:18:00,0.3505278292559926,0.0,0.0,0.0,0.003660186829881562,236.69956621293372,1.472216882875169
25/03/2026,15:19:00,0.28540053392368236,0.0,0.0,0.0,0.04258800640445884,240.66763897470426,1.198682242479466
25/03/2026,15:20:00,0.43840425529076754,0.0,0.0,0.0,0.00981347335951548,237.2581229329562,1.8412978722212237
25/03/2026,15:21:00,0.21217450902734078,0.0,0.0,0.0,0.0652818672339899,237.1848528460118,0.8911329379148313
25/03/2026,15:22:00,0.2739848214859105,0.0,0.0,0.0,0.1895111339590091,236.74818907495205,1.1507362502408243
25/03/2026,15:23:00,0.2822664892610902,0.0,0.0,0.0,0.021089924592563716,240.68749536158194,1.185519254896579
25/03/2026,15:24:00,0.2632576160971119,0.0,0.0,0.0,0.0007936058802112012,237.09011293045765,1.10568198760787
25/03/2026,15:25:00,0.2646435870057095,0.0,0.0,0.0,0.08685528388755842,240.46596327462333,1.11150306542398
25/03/2026,15:26:00,0.41807979366171233,0.0,0.0,0.0,0.054981131044692,238.41468051820695,1.755935133379192
25/03/2026,15:27:00,0.20463583045817674,0.0,0.0,0.0,0.14930002034631565,236.44521887106973,0.8594704879243423
25/03/2026,15:28:00,0.3473974138343099,0.0,0.0,0.0,0.08618318507986529,235.3376559610698,1.4590691381041017
25/03/2026,15:29:00,0.4601610576176078,0.0,0.0,0.0,0.11596048121233903,241.73105763412266,1.9326764419939528
25/03/2026,15:30:00,0.4221384351094538,0.0,0.0,0.0,0.09610679279454273,238.83427538726005,1.772981427459706
25/03/2026,15:31:00,0.2875251733649914,0.0,0.0,0.0,0.06576056450226489,236.37389507133568,1.207605728132964
25/03/2026,15:32:00,0.3571426795477072,0.0,0.0,0.0,0.012478545195198688,237.69315607451836,1.4999992541003702
25/03/2026,15:33:00,0.2819575223459584,0.0,0.0,0.0,0.1919504582803273,240.85714868043414,1.1842215938530254
25/03/2026,15:34:00,0.3547686824227247,0.0,0.0,0.0,0.01837962277034253,239.86665379381753,1.4900284661754437
25/03/2026,15:35:00,0.43961236987100705,0.0,0.0,0.0,0.004437291364700791,241.31166637460635,1.8463719534582297
25/03/2026,15:36:00,0.3325548178104698,0.0,0.0,0.0,0.15092674965497455,241.83137387451788,1.3967302348039732
25/03/2026,15:37:00,0.22221067368182734,0.0,0.0,0.0,0.01583479859777828,239.0963797411442,0.9332848294636749
25/03/2026,15:38:00,0.3495509377105164,0.0,0.0,0.0,0.15380205660895663,241.90694268614328,1.4681139383841688
25/03/2026,15:39:00,0.37756954594123626,0.0,0.0,0.0,0.02586562526043932,239.5403338110417,1.5857920929531923
25/03/2026,15:40:00,0.4474533610678125,0.0,0.0,0.0,0.01600814459531723,239.7177176389524,1.8793041164848128
25/03/2026,15:41:00,0.43006913183640033,0.0,0.0,0.0,0.14179342195535388,236.95803339944425,1.8062903537128814
25/03/2026,15:42:00,0.2001554541965521,0.0,0.0,0.0,0.18127170160756811,237.58482581920154,0.8406529076255188
25/03/2026,15:43:00,0.4649710680646224,0.0,0.0,0.0,0.1264720659893056,240.65249103422005,1.952878485871414
25/03/2026,15:44:00,0.26180432016381383,0.0,0.0,0.0,0.08265230424680373,241.3910222582188,1.0995781446880182
25/03/2026,15:45:00,0.4126121287739243,0.0,0.0,0.0,0.11939787356434826,237.61361542660356,1.732970940850482
25/03/2026,15:46:00,0.4523496502750227,0.0,0.0,0.0,0.1886019557044997,236.74613185573043,1.8998685311550956
25/03/2026,15:47:00,0.3124601058046068,0.0,0.0,0.0,0.0699472075806311,235.71098356703203,1.3123324443793487
25/03/2026,15:48:00,0.4720080678847093,0.0,0.0,0.0,0.08822462160566127,241.83570002581595,1.982433885115779
25/03/2026,15:49:00,0.49883241932304595,0.0,0.0,0.0,0.0866856034494683,239.1072034126402,2.095096161156793
25/03/2026,15:50:00,0.3273302136925938,0.0,0.0,0.0,0.12133004606256295,235.33249189852154,1.374786897508894
25/03/2026,15:51:00,0.3386701712658676,0.0,0.0,0.0,0.11609048077511906,235.90346979053305,1.422414719316644
25/03/2026,15:52:00,0.42360501614920293,0.0,0.0,0.0,0.14582012984591294,239.1296722176638,1.7791410678266524
25/03/2026,15:53:00,0.4416969614579621,0.0,0.0,0.0,0.10767352560080277,237.17092470117208,1.855127238123441
25/03/2026,15:54:00,0.4192365306610762,0.0,0.0,0.0,0.17774287867920358,240.93377858240999,1.7607934287765201
25/03/2026,15:55:00,0.31124882978168694,0.0,0.0,0.0,0.12841823148973872,239.87787509649297,1.3072450850830852
25/03/2026,15:56:00,0.2233262003763048,0.0,0.0,0.0,0.16846839405395475,239.07290025784775,0.9379700415804801
25/03/2026,15:57:00,0.4226225111448497,0.0,0.0,0.0,0.052011648341159566,237.69077046219456,1.775014546808369
25/03/2026,15:58:00,0.223271950661021,0.0,0.0,0.0,0.11232019258734799,236.80100105819136,0.9377421927762883
25/03/2026,15:59:00,0.30645744993627844,0.0,0.0,0.0,0.09963664558551165,236.63650303473008,1.2871212897323694
25/03/2026,16:00:00,0.4188576348733859,0.0,0.0,0.0,0.10629782847396069,238.2402421526163,1.7592020664682209
25/03/2026,16:01:00,0.370114380862533,0.0,0.0,0.0,0.016779341776260927,235.17089216459385,1.5544803996226386
25/03/2026,16:02:00,0.45930462881989526,0.0,0.0,0.0,0.012349674246277975,238.17755412006787,1.92907944104356
25/03/2026,16:03:00,0.20116116141667165,0.0,0.0,0.0,0.09109963195517001,236.75444507978602,0.844876877950021
25/03/2026,16:04:00,0.4941657682437022,0.0,0.0,0.0,0.11333141627242674,241.9024069109521,2.075496226623549
25/03/2026,16:05:00,0.383301558087785,0.0,0.0,0.0,0.051108002301533055,235.58838967224813,1.609866543968697
25/03/2026,16:06:00,0.24717186738908778,0.0,0.0,0.0,0.12343853786409487,239.32907252762374,1.0381218430341688
25/03/2026,16:07:00,0.2985992988734195,0.0,0.0,0.0,0.030414712594190797,236.53344090488642,1.254117055268362
25/03/2026,16:08:00,0.4770227496428851,0.0,0.0,0.0,0.18484640705328462,241.46109131688755,2.0034955485001174
25/03/2026,16:09:00,0.39830124772046727,0.0,0.0,0.0,0.19987778002232068,240.4919536714569,1.6728652404259625
25/03/2026,16:10:00,0.355258689877727,0.0,0.0,0.0,0.13448444702937326,241.31897717435845,1.4920864974864536
25/03/2026,16:11:00,0.37114949240490536,0.0,0.0,0.0,0.026459212191599236,238.4916049222743,1.5588278681006025
25/03/2026,16:12:00,0.3083234202164953,0.0,0.0,0.0,0.132297253686553,236.06236345208433,1.2949583649092802
25/03/2026,16:13:00,0.4662917561445642,0.0,0.0,0.0,0.13190293290834798,239.98461376579252,1.9584253758071697
25/03/2026,16:14:00,0.2755574300462016,0.0,0.0,0.0,0.05265931863407021,236.1664544846375,1.1573412061940467
25/03/2026,16:15:00,0.43708331577246357,0.0,0.0,0.0,0.1474459885473127,241.87679410738437,1.835749926244347
25/03/2026,16:16:00,0.30191297792300165,0.0,0.0,0.0,0.04712137456881145,239.67521626298753,1.268034507276607
25/03/2026,16:17:00,0.2891102738517614,0.0,0.0,0.0,0.17836219020024593,237.1093216037586,1.214263150177398
25/03/2026,16:18:00,0.23209732622945112,0.0,0.0,0.0,0.07549530752871805,239.05059360862413,0.9748087701636947
25/03/2026,16:19:00,0.4210911964272301,0.0,0.0,0.0,0.19350568622150496,237.8103658753818,1.7685830249943664
25/03/2026,16:20:00,0.42554243574568207,0.0,0.0,0.0,0.16523040064447314,235.4628435001359,1.7872782301318648
25/03/2026,16:21:00,0.46820812818610114,0.0,0.0,0.0,0.16430239332346874,237.9264428858471,1.9664741383816249
25/03/2026,16:22:00,0.4762873271104373,0.0,0.0,0.0,0.1664649770695128,238.7245980533153,2.000406773863837
25/03/2026,16:23:00,0.39100816790340764,0.0,0.0,0.0,0.1610567392085226,239.86879137442992,1.6422343051943122
25/03/2026,16:24:00,0.28062058233456344,0.0,0.0,0.0,0.023894173576967305,236.03954745370896,1.1786064458051666
25/03/2026,16:25:00,0.293657680524845,0.0,0.0,0.0,0.13650725544513473,241.16215841011118,1.2333622582043489
25/03/2026,16:26:00,0.3975917487992904,0.0,0.0,0.0,0.029114845763626485,235.6531654142583,1.6698853449570197
25/03/2026,16:27:00,0.39983942395326066,0.0,0.0,0.0,0.1638105442971326,239.24466169964228,1.6793255806036949
25/03/2026,16:28:00,0.3474998255698564,0.0,0.0,0.0,0.09650548608334558,241.06294184004042,1.459499267393397
25/03/2026,16:29:00,0.24332121215863028,0.0,0.0,0.0,0.15065920508325492,241.51702787229382,1.0219490910662472
25/03/2026,16:30:00,0.44518052787642587,0.0,0.0,0.0,0.19861556679923098,239.9387084185034,1.8697582170809888
25/03/2026,16:31:00,0.3338685539284586,0.0,0.0,0.0,0.16416103371273333,239.86923447305153,1.4022479264995262
25/03/2026,16:32:00,0.36752755783522906,0.0,0.0,0.0,0.005546542230305641,240.69090458094453,1.543615742907962
25/03/2026,16:33:00,0.38556472377779905,0.0,0.0,0.0,0.1077087451727281,238.36409362502667,1.619371839866756
25/03/2026,16:34:00,0.2714900604225796,0.0,0.0,0.0,0.14726407420390694,235.0176698715227,1.1402582537748345
25/03/2026,16:35:00,0.24816716810349856,0.0,0.0,0.0,0.08321252529494585,238.65465438345623,1.042302106034694
25/03/2026,16:36:00,0.3355904917795627,0.0,0.0,0.0,0.18179900713091432,239.40122125429318,1.4094800654741633
25/03/2026,16:37:00,0.2622827540043236,0.0,0.0,0.0,0.12954243947223654,238.1529884058076,1.1015875668181592
25/03/2026,16:38:00,0.4993369040834829,0.0,0.0,0.0,0.11310521974809494,235.17098613767448,2.0972149971506284
25/03/2026,16:39:00,0.23445733384973333,0.0,0.0,0.0,0.14425610824635368,236.45954322246703,0.98472080216888
25/03/2026,16:40:00,0.28665401443298333,0.0,0.0,0.0,0.013624093559721008,236.1886364796997,1.20394686061853
25/03/2026,16:41:00,0.3884475422306993,0.0,0.0,0.0,0.15711116610392567,239.75844354394886,1.6314796773689373
25/03/2026,16:42:00,0.34365684036746647,0.0,0.0,0.0,0.00597285248764139,240.59725998177652,1.4433587295433592
25/03/2026,16:43:00,0.37947258663026473,0.0,0.0,0.0,0.017892510529423623,236.9704690447018,1.593784863847112
25/03/2026,16:44:00,0.41194484306606993,0.0,0.0,0.0,0.1577428252850005,235.39478392778682,1.7301683408774937
25/03/2026,16:45:00,0.2958538134642313,0.0,0.0,0.0,0.18478780612238133,236.12377742561497,1.2425860165497715
25/03/2026,16:46:00,0.21094450064051032,0.0,0.0,0.0,0.0548409940022963,241.29443720924652,0.8859669026901433
25/03/2026,16:47:00,0.30810702141609736,0.0,0.0,0.0,0.050715988694142025,240.29656708161494,1.294049489947609
25/03/2026,16:48:00,0.2758903456030435,0.0,0.0,0.0,0.16605785250499958,235.03746604107556,1.1587394515327827
25/03/2026,16:49:00,0.3179148545956075,0.0,0.0,0.0,0.18917497897241434,241.90019520605057,1.3352423893015515
25/03/2026,16:50:00,0.48603291428912804,0.0,0.0,0.0,0.08206705091079287,235.725631759279,2.041338240014338
25/03/2026,16:51:00,0.3756775191329967,0.0,0.0,0.0,0.12502777445842908,238.52290126217824,1.5778455803585862
25/03/2026,16:52:00,0.2473035847563903,0.0,0.0,0.0,0.09425121135597042,235.05117555553147,1.0386750559768394
25/03/2026,16:53:00,0.4385865525041116,0.0,0.0,0.0,0.1736384876796575,238.55171097333022,1.8420635205172688
25/03/2026,16:54:00,0.4317061846772202,0.0,0.0,0.0,0.07546540821876256,241.7299300934258,1.813165975644325
25/03/2026,16:55:00,0.4857165851272974,0.0,0.0,0.0,0.128471745717703,238.74558536560016,2.040009657534649
25/03/2026,16:56:00,0.33372129775482806,0.0,0.0,0.0,0.1656652047239768,235.67650075717145,1.401629450570278
25/03/2026,16:57:00,0.27923234125577157,0.0,0.0,0.0,0.022862575804703147,238.81737048908082,1.1727758332742406
25/03/2026,16:58:00,0.33224420686411094,0.0,0.0,0.0,0.011734798278687309,235.24280480483458,1.3954256688292659
25/03/2026,16:59:00,0.3810824792958223,0.0,0.0,0.0,0.0621231475562225,239.94017123973168,1.6005464130424536
25/03/2026,17:00:00,0.3247967801486671,0.0,0.0,0.0,0.028125959741051122,238.215679736502,1.3641464766244018
25/03/2026,17:01:00,0.30910139634554573,0.0,0.0,0.0,0.1257548790656158,238.21770235259348,1.298225864651292
25/03/2026,17:02:00,0.4813126607000616,0.0,0.0,0.0,0.1088399972225628,236.8628498071984,2.021513174940259
25/03/2026,17:03:00,0.3636161258574784,0.0,0.0,0.0,0.08064543438108757,235.6960191793784,1.5271877286014093
25/03/2026,17:04:00,0.3392335766611595,0.0,0.0,0.0,0.12600809574851887,239.09000872161184,1.42478102197687
25/03/2026,17:05:00,0.33649710522714826,0.0,0.0,0.0,0.06989187333212939,238.38349117770917,1.4132878419540227
25/03/2026,17:06:00,0.41535384159697514,0.0,0.0,0.0,0.18767494391505785,237.95754025031368,1.7444861347072957
25/03/2026,17:07:00,0.38456771196415285,0.0,0.0,0.0,0.13532793523561482,237.56274291008776,1.615184390249442
25/03/2026,17:08:00,0.34387992892732877,0.0,0.0,0.0,0.08437456952022103,236.07719531230487,1.4442957014947808
25/03/2026,17:09:00,0.3290425327764037,0.0,0.0,0.0,0.07884063149082754,241.92762607882725,1.3819786376608956
25/03/2026,17:10:00,0.3646071719317884,0.0,0.0,0.0,0.033980337628914906,237.76703212716913,1.5313501221135113
25/03/2026,17:11:00,0.4856975705835789,0.0,0.0,0.0,0.018679335862956514,240.80776520583953,2.0399297964510312
25/03/2026,17:12:00,0.26698049518163897,0.0,0.0,0.0,0.13152797828021656,241.356152765144,1.1213180797628837
25/03/2026,17:13:00,0.44617278178886466,0.0,0.0,0.0,0.012888659106065582,236.86544837691025,1.8739256835132316
25/03/2026,17:14:00,0.2589890912602858,0.0,0.0,0.0,0.11593931467877272,237.49415098988968,1.0877541832932005
25/03/2026,17:15:00,0.42624098731020843,0.0,0.0,0.0,0.020421194084605344,236.82002079391637,1.7902121467028755
25/03/2026,17:16:00,0.43624729318828864,0.0,0.0,0.0,0.100695738784507,241.97035825786546,1.8322386313908123
25/03/2026,17:17:00,0.24210732954430902,0.0,0.0,0.0,0.13561175658667665,238.87969682693063,1.0168507840860979
25/03/2026,17:18:00,0.37834497016348845,0.0,0.0,0.0,0.035265923739293825,235.6254477321612,1.5890488746866516
25/03/2026,17:19:00,0.4702986194267345,0.0,0.0,0.0,0.051373755289373185,240.3058327921394,1.975254201592285
25/03/2026,17:20:00,0.23227556444496283,0.0,0.0,0.0,0.11150543012322481,237.02827057204283,0.975557370668844
25/03/2026,17:21:00,0.28424436005975356,0.0,0.0,0.0,0.07601190812380859,239.95277161455522,1.193826312250965
25/03/2026,17:22:00,0.35609336055858076,0.0,0.0,0.0,0.1815671104997114,236.3907563869743,1.4955921143460393
25/03/2026,17:23:00,0.36203225568313846,0.0,0.0,0.0,0.14009241541526868,236.22893407974811,1.5205354738691816
25/03/2026,17:24:00,0.3745834179463834,0.0,0.0,0.0,0.09331116378106515,240.9551597246618,1.5732503553748103
25/03/2026,17:25:00,0.46327317640568194,0.0,0.0,0.0,0.16696715802154588,241.24035389174045,1.9457473409038641
25/03/2026,17:26:00,0.22181101748965282,0.0,0.0,0.0,0.15023299361254194,235.68680375403224,0.9316062734565419
25/03/2026,17:27:00,0.4973951664108579,0.0,0.0,0.0,0.08137870426500136,237.3711870794199,2.0890596989256034
25/03/2026,17:28:00,0.38876093221246566,0.0,0.0,0.0,0.15849679378582032,238.68441266415428,1.632795915292356
25/03/2026,17:29:00,0.34310807836939217,0.0,0.0,0.0,0.19150734360572735,236.9283812923075,1.4410539291514473
25/03/2026,17:30:00,0.2674116208658813,0.0,0.0,0.0,0.010820036251487442,241.62031308082265,1.1231288076367016
25/03/2026,17:31:00,0.47901271001097795,0.0,0.0,0.0,0.11436255877919284,237.49956217999045,2.0118533820461075
25/03/2026,17:32:00,0.40919112742837405,0.0,0.0,0.0,0.040592996630728774,241.60441192005516,1.718602735199171
25/03/2026,17:33:00,0.2286303426310347,0.0,0.0,0.0,0.13723828322513842,240.82154662738603,0.9602474390503458
25/03/2026,17:34:00,0.30165794928764494,0.0,0.0,0.0,0.12505452130653624,235.49581479472351,1.2669633870081087
25/03/2026,17:35:00,0.3437368884211792,0.0,0.0,0.0,0.02760353782300733,239.68836175710447,1.4436949313689529
25/03/2026,17:36:00,0.21888666174425914,0.0,0.0,0.0,0.15421184242221275,236.9183292653806,0.9193239793258884
25/03/2026,17:37:00,0.23453798120459332,0.0,0.0,0.0,0.17524066536531704,240.47338773006484,0.985059521059292
25/03/2026,17:38:00,0.36264960307879057,0.0,0.0,0.0,0.11054068702469191,236.60130673956755,1.5231283329309204
25/03/2026,17:39:00,0.35390413528026743,0.0,0.0,0.0,0.06525654259356231,235.82777348303597,1.4863973681771232
25/03/2026,17:40:00,0.3733910756650502,0.0,0.0,0.0,0.1373865969340244,236.8168492147134,1.5682425177932109
25/03/2026,17:41:00,0.4950200859754795,0.0,0.0,0.0,0.04698665070042769,235.02737492119786,2.079084361097014
25/03/2026,17:42:00,0.21012209605338608,0.0,0.0,0.0,0.004259869589937004,236.89327202605395,0.8825128034242216
25/03/2026,17:43:00,0.3919049377804562,0.0,0.0,0.0,0.154568826432882,236.81458245738236,1.646000738677916
25/03/2026,17:44:00,0.4588270293743065,0.0,0.0,0.0,0.009140820165675568,239.725345297543,1.9270735233720875
25/03/2026,17:45:00,0.3550051808956739,0.0,0.0,0.0,0.16481179284936376,241.37117917458153,1.4910217597618305
25/03/2026,17:46:00,0.42726749802508135,0.0,0.0,0.0,0.004544024422131821,235.90718653723238,1.7945234917053416
25/03/2026,17:47:00,0.2279866981777647,0.0,0.0,0.0,0.09956819002211333,237.45332284164238,0.9575441323466118
25/03/2026,17:48:00,0.3642016041105899,0.0,0.0,0.0,0.1141340271606146,241.93785280312235,1.5296467372644775
25/03/2026,17:49:00,0.21759729209189146,0.0,0.0,0.0,0.07552114812638411,237.91897148694514,0.9139086267859442
25/03/2026,17:50:00,0.3986307010755222,0.0,0.0,0.0,0.08225441226241428,239.763107562041,1.6742489445171933
25/03/2026,17:51:00,0.4217935218490233,0.0,0.0,0.0,0.047368238286210465,241.67740094407404,1.7715327917658978
25/03/2026,17:52:00,0.4596567146344996,0.0,0.0,0.0,0.11328373219621407,240.90704721764482,1.9305582014648983
25/03/2026,17:53:00,0.4251974252362062,0.0,0.0,0.0,0.037595984169510294,241.40429862053898,1.785829185992066
25/03/2026,17:54:00,0.45954647814134353,0.0,0.0,0.0,0.10722561960660414,238.06577330978854,1.9300952081936429
25/03/2026,17:55:00,0.35559128923860095,0.0,0.0,0.0,0.01573557623361448,241.96285352133336,1.493483414802124
25/03/2026,17:56:00,0.4160014892544216,0.0,0.0,0.0,0.032125851364434535,240.8039562413043,1.7472062548685707
25/03/2026,17:57:00,0.39831139642131796,0.0,0.0,0.0,0.0970011652363916,239.64052199122483,1.6729078649695355
25/03/2026,17:58:00,0.32454525586898275,0.0,0.0,0.0,0.04742247719286803,237.60235226467708,1.3630900746497276
25/03/2026,17:59:00,0.2556968750144458,0.0,0.0,0.0,0.10810808925441916,238.086594592232,1.0739268750606725
25/03/2026,18:00:00,4.24600239728469,2.27588354338251,0.0,1.6056882372392822,0.014367535592146785,235.0611079048337,17.8332100685957
25/03/2026,18:01:00,4.478891165568197,2.6628792972395394,0.0,1.6142125953928397,0.0010240828631563838,235.51571585278694,18.811342895386428
25/03/2026,18:02:00,4.602570761880036,2.694550672705013,0.0,1.4206279424536323,0.1501466888220674,240.789655886063,19.330797199896153
25/03/2026,18:03:00,4.704593685019215,2.9962923799989083,0.0,1.2803219442130145,0.14058140793631954,239.71054327374105,19.759293477080703
25/03/2026,18:04:00,4.119543661459896,2.1395208866438002,0.0,1.7146236608941252,0.11649271431783459,238.7488755134466,17.302083378131563
25/03/2026,18:05:00,5.159431990273163,2.8615871083943016,0.0,1.8418929451106398,0.13699996618617802,237.7615146003356,21.669614359147285
25/03/2026,18:06:00,4.903921865347896,2.92154591723717,0.0,1.7493837697162682,0.1466598683668993,238.12973984038592,20.596471834461163
25/03/2026,18:07:00,5.17490351336682,2.828036287166547,0.0,1.8646522922221256,0.12782963158668842,240.4748627733692,21.734594756140645
25/03/2026,18:08:00,4.027687461620701,2.5398265325143674,0.0,1.0487625003461176,0.12343568258232543,238.44805710201345,16.916287338806946
25/03/2026,18:09:00,3.657897100101778,2.0712569222812087,0.0,1.1263633654015275,0.1856509586099151,237.24526056344416,15.363167820427469
25/03/2026,18:10:00,4.266373242725624,1.988707648441235,0.0,1.9642096379182656,0.19737100646236,238.1825130275131,17.91876761944762
25/03/2026,18:11:00,4.682498325653559,2.5064783876152275,0.0,1.8497636261269497,0.002014269838827576,237.02128661489104,19.666492967744947
25/03/2026,18:12:00,3.081473625444148,1.617697910466617,0.0,1.131821264946658,0.08022988129401659,239.4348443507016,12.942189226865422
25/03/2026,18:13:00,3.9093722469681174,2.4353934507246207,0.0,1.2404038245322067,0.09954188421868344,238.9511577678084,16.419363437266092
25/03/2026,18:14:00,4.855990263948105,2.973139226562716,0.0,1.6377300149040603,0.09305883425751207,237.3943641084561,20.395159108582043
25/03/2026,18:15:00,4.71107597093955,2.6037800946398817,0.0,1.7839420942588449,0.08002295578273266,235.43735743625408,19.78651907794611
25/03/2026,18:16:00,4.655990543159713,2.8496686842451395,0.0,1.4929184936537443,0.14059639690898226,236.064248131159,19.555160281270794
25/03/2026,18:17:00,3.5357121578051856,1.5731108575337664,0.0,1.528972940370406,0.13212912681812297,237.74103674949052,14.84999106278178
25/03/2026,18:18:00,4.121344155431407,2.1791819019795264,0.0,1.7005307340307758,0.02859920579633775,240.6874007444698,17.30964545281191
25/03/2026,18:19:00,5.181492099243826,2.8170913871371908,0.0,1.9781958587041757,0.16835683742073637,237.7172536322462,21.76226681682407
25/03/2026,18:20:00,4.260824486613894,2.6846351200449945,0.0,1.2297218595569692,0.14845015078391485,239.2433083321641,17.895462843778354
25/03/2026,18:21:00,3.5011561740132136,2.0581543358924823,0.0,1.0982809989878974,0.0839584123295366,238.65580493238966,14.704855930855498
25/03/2026,18:22:00,3.5137416799744106,1.8744390604417203,0.0,1.2262984683695068,0.14933885508620023,238.03302622816676,14.757715055892525
25/03/2026,18:23:00,4.295789329781014,2.1865721507603686,0.0,1.6663690313362929,0.10892565231831937,238.33821985670346,18.04231518508026
25/03/2026,18:24:00,4.789956563010346,2.6433027337680945,0.0,1.7149637501690034,0.09317113656168724,239.77560721366385,20.117817564643452
25/03/2026,18:25:00,4.911729697605931,2.6513795799289643,0.0,1.98119031281552,0.14311506221860337,240.12848163644506,20.62926472994491
25/03/2026,18:26:00,4.508760556968568,2.6826382650331126,0.0,1.450378031469279,0.07738027597104664,236.1712222187304,18.936794339267987
25/03/2026,18:27:00,4.828913600702933,2.769570494305654,0.0,1.7631242439463524,0.0013399796090533434,236.33285782540628,20.28143712295232
25/03/2026,18:28:00,3.203524515283253,1.7265673181404313,0.0,1.0447890377814257,0.12393035498952305,236.62418559804644,13.454802964189664
25/03/2026,18:29:00,3.9336665732427076,2.5927588754142383,0.0,1.0360846085269282,0.19688495575996495,240.0075923257259,16.521399607619372
25/03/2026,18:30:00,3.610826058558099,2.2422040066109954,0.0,1.0803421205396746,0.015607021162474234,236.78708080448294,15.165469445944018
25/03/2026,18:31:00,5.018690611419691,2.787379903561458,0.0,1.833946589189443,0.17691023180593246,241.4604988385945,21.078500567962703
25/03/2026,18:32:00,3.4605308103406576,1.5357944538036767,0.0,1.5828542596393704,0.0417767243490538,238.51233833905312,14.534229403430762
25/03/2026,18:33:00,3.9452771543791654,2.6352077959979714,0.0,1.0093247258173745,0.023928852174450222,240.3575015211952,16.570164048392495
25/03/2026,18:34:00,3.4604658724229815,2.1816563085324625,0.0,1.0597269196704397,0.01804203569567193,238.81561432551385,14.533956664176523
25/03/2026,18:35:00,3.6517055032351884,1.881417374126972,0.0,1.325386950588608,0.0167005816606981,237.42662178495357,15.337163113587792
25/03/2026,18:36:00,3.4419837873080557,1.6303507208596455,0.0,1.385043015657955,0.1337182729814009,241.43907173677778,14.456331906693835
25/03/2026,18:37:00,4.664472836431598,2.3257023580534173,0.0,1.8458906088070908,0.024140060820054068,238.14755526294547,19.590785913012713
25/03/2026,18:38:00,3.515057785026287,1.890284762612852,0.0,1.4187467697648026,0.06995634524784392,237.45652805136586,14.763242697110407
25/03/2026,18:39:00,4.711569648025902,2.2974044526812976,0.0,1.9460399343248453,0.18285318712299764,237.33614960046475,19.78859252170879
25/03/2026,18:40:00,4.198767313538107,1.8518783804195933,0.0,1.984258547532106,0.19285334669234047,241.7522299875888,17.63482271686005
25/03/2026,18:41:00,4.263676466563338,2.1501618019854263,0.0,1.6268528150605421,0.17155564752296473,235.95661388557994,17.907441159566023
25/03/2026,18:42:00,3.900741300160985,2.176052459734832,0.0,1.2877916143191939,0.17318282563238302,236.75666044761644,16.38311346067614
25/03/2026,18:43:00,4.801190888439585,2.6550188516068385,0.0,1.8526359913865431,0.10395403133482456,235.2734977673545,20.165001731446257
25/03/2026,18:44:00,4.058311343612568,1.9359540026620219,0.0,1.752394520932786,0.08378491922210447,239.80873829916257,17.044907643172788
25/03/2026,18:45:00,4.361386867687705,2.2254321107134194,0.0,1.8417166444679158,0.13310159817133424,235.62738189046922,18.317824844288364
25/03/2026,18:46:00,4.867199613671911,2.6175869644638845,0.0,1.7886458018156208,0.14815074685483118,235.14467404311875,20.442238377422026
25/03/2026,18:47:00,2.9642522746046316,1.542929346650772,0.0,1.2099218494619328,0.0021313547787216616,240.87867383591148,12.449859553339452
25/03/2026,18:48:00,3.312344311438647,1.7419148993376283,0.0,1.136315236515089,0.048440565088523325,236.9063407252569,13.911846108042317
25/03/2026,18:49:00,4.80488430513762,2.6647728403021187,0.0,1.8528471603361019,0.14786780902539287,239.91263164982917,20.180514081578007
25/03/2026,18:50:00,4.789745214200896,2.5286661707956095,0.0,1.7655317434796918,0.0713620055543207,236.4941114003027,20.116929899643765
25/03/2026,18:51:00,4.446549634571063,2.175455702878751,0.0,1.7739818511771275,0.07744426353428852,235.42013489693545,18.675508465198465
25/03/2026,18:52:00,3.204662297929001,1.5577494749389207,0.0,1.351152514694633,0.1061309328882406,239.16515614745313,13.459581651301804
25/03/2026,18:53:00,4.269912121284266,2.4813830588187273,0.0,1.3060465154813568,0.07038267463464647,240.95465747904007,17.93363090939392
25/03/2026,18:54:00,4.011244582183143,2.2177115928836577,0.0,1.359604908462579,0.1106590008171316,237.77923742311876,16.8472272451692
25/03/2026,18:55:00,3.6009657447091037,1.8402679720469879,0.0,1.4792902147218103,0.12773934045314148,238.55046676772102,15.124056127778235
25/03/2026,18:56:00,5.046926320576435,2.7687149785936893,0.0,1.8711635636118171,0.06487329176292211,235.17029842115036,21.197090546421027
25/03/2026,18:57:00,5.1629010058266775,2.8674149735095638,0.0,1.954680597346914,0.19062182777753922,241.15724265298712,21.684184224472048
25/03/2026,18:58:00,4.3956013176145445,2.1181082451652844,0.0,1.9041002664278013,0.1159604527542953,238.7484451630967,18.46152553398109
25/03/2026,18:59:00,4.422167637473362,2.767362387353412,0.0,1.3281221911895624,0.16459340445521786,237.11288726331708,18.57310407738812
25/03/2026,19:00:00,4.361612285430732,2.847747681321083,0.0,1.3062690576147924,0.08015457545056981,240.78113531288554,18.31877159880908
25/03/2026,19:01:00,4.473845791845799,2.130004072972479,0.0,1.8707160809626806,0.08329040050471255,241.68791121436408,18.790152325752356
25/03/2026,19:02:00,4.750042060470129,2.4669471705785195,0.0,1.9468115389366403,0.01936349499738357,235.16956185340263,19.95017665397454
25/03/2026,19:03:00,4.3580398340035575,2.6516579046721516,0.0,1.3923480456514397,0.05006461027380349,239.8054900386762,18.303767302814943
25/03/2026,19:04:00,4.107304230328509,2.698710322974225,0.0,1.2005679143883496,0.14812272500331145,241.24172636972966,17.250677767379738
25/03/2026,19:05:00,4.630481691713621,2.495011309220441,0.0,1.6501856479359294,0.13742016989029135,236.41423082666094,19.44802310519721
25/03/2026,19:06:00,4.654619349054788,2.3739222873403483,0.0,1.8714668767180032,0.013607858768368165,235.36988392945355,19.54940126603011
25/03/2026,19:07:00,4.070476437359681,1.8385170939834832,0.0,1.7570650090254327,0.013207678509952903,241.96173161769045,17.09600103691066
25/03/2026,19:08:00,4.777011970263943,2.403999847637034,0.0,1.8958405858864755,0.04092683461282742,236.14214085905786,20.06345027510856
25/03/2026,19:09:00,4.371732447248693,2.5437688325725247,0.0,1.4457491422682232,0.017956605781685186,238.0395687217542,18.36127627844451
25/03/2026,19:10:00,5.0081396702735805,2.8493609910671998,0.0,1.8543575962239278,0.0220804317548617,237.08313972065108,21.03418661514904
25/03/2026,19:11:00,3.8115153525627274,2.468635676628958,0.0,1.1248334126902404,0.021345874192371796,236.75107934204402,16.008364480763454
25/03/2026,19:12:00,3.370399080321729,1.5644664422355485,0.0,1.4689999850067295,0.16236462366542215,241.21052939686203,14.155676137351263
25/03/2026,19:13:00,2.8781110330029525,1.5167931460633406,0.0,1.003582513041727,0.018643376711399595,235.15678844007203,12.088066338612402
25/03/2026,19:14:00,3.7096046907069415,2.2078443224559896,0.0,1.1436518622966583,0.02456576346600592,235.5985979843522,15.580339700969155
25/03/2026,19:15:00,4.961009942565694,2.9317269898503833,0.0,1.6722583216326004,0.06288531255687409,238.4384065143097,20.836241758775916
25/03/2026,19:16:00,3.3176041501032114,1.503159679595183,0.0,1.5484799652983985,0.12782924634032705,240.024398334557,13.933937430433488
25/03/2026,19:17:00,5.0716955148547305,2.9025678886604416,0.0,1.7421184739352715,0.08863198359127658,238.7939661310989,21.30112116238987
25/03/2026,19:18:00,4.93359868821921,2.6642731986000467,0.0,1.7785358995174814,0.062337972354105965,238.3347830475623,20.721114490520684
25/03/2026,19:19:00,3.490702196430131,1.811659716576923,0.0,1.1905021327859413,0.01760588784373476,241.75239294571267,14.66094922500655
25/03/2026,19:20:00,4.79873451120763,2.8026142844563458,0.0,1.779630257594243,0.07626682453122752,236.99127407701775,20.154684947072045
25/03/2026,19:21:00,3.524384074315031,2.145461640924288,0.0,1.04498075453191,0.07203261067237386,237.46713322103525,14.80241311212313
25/03/2026,19:22:00,4.691161264815691,2.737511859524297,0.0,1.621019246358748,0.07180778468617947,240.81456016919873,19.702877312225905
25/03/2026,19:23:00,4.56006518807852,2.3191201681417657,0.0,1.9496934855303172,0.08450796474991616,236.8064496092844,19.152273789929783
25/03/2026,19:24:00,3.163277023296326,1.5582146142303344,0.0,1.3391137462620368,0.1847843774745726,237.30541176680646,13.28576349784457
25/03/2026,19:25:00,4.525763105944786,2.088773275783915,0.0,1.9648652684794263,0.15117419592650505,236.41391067086846,19.0082050449681
25/03/2026,19:26:00,5.0751879754221,2.9951888316790596,0.0,1.5980130510099593,0.04657605068927704,241.77867210771547,21.315789496772823
25/03/2026,19:27:00,3.8829480881418106,2.31153196484464,0.0,1.2785520382069153,0.04792081407434634,237.87269738014615,16.308381970195605
25/03/2026,19:28:00,4.034481147485272,2.0090430536722397,0.0,1.7346317295765068,0.10269345859172091,239.15831626417773,16.944820819438146
25/03/2026,19:29:00,3.9680506931665027,2.2285425080279015,0.0,1.4152415538339456,0.012408643669192032,239.53322665775423,16.665812911299312
25/03/2026,19:30:00,4.57296918158591,2.5622811767244804,0.0,1.612133997736632,0.08672229677532793,241.46565632279186,19.206470562660826
25/03/2026,19:31:00,2.9464208157249683,1.580887824303804,0.0,1.0977314611780207,0.16687021803815003,237.90112783333757,12.374967426044867
25/03/2026,19:32:00,4.514862837927962,2.6634363835094,0.0,1.6280447940745308,0.08042608018361155,235.52276053127684,18.96242391929744
25/03/2026,19:33:00,3.018610440387482,1.5074244484675465,0.0,1.056450646800959,0.06232709888466057,239.2963388221615,12.678163849627424
25/03/2026,19:34:00,4.240200243053586,2.7402712421906212,0.0,1.1225942055087388,0.12813183442269835,240.63824741861166,17.80884102082506
25/03/2026,19:35:00,4.459552761618885,2.1515397736887554,0.0,1.877037316192388,0.11930334913247094,238.1917030044481,18.730121598799318
25/03/2026,19:36:00,3.99564620993628,2.576551240411413,0.0,1.0363336764658886,0.057621625408396215,235.20966179818925,16.781714081732378
25/03/2026,19:37:00,4.249437008798184,2.3155742995487762,0.0,1.5492213842171458,0.0068394793576972875,239.91217000982383,17.847635436952373
25/03/2026,19:38:00,4.912364502316864,2.657617781358727,0.0,1.7574460458158747,0.18462233889162535,237.5995690436181,20.63193090973083
25/03/2026,19:39:00,4.22686943740841,2.792555399706357,0.0,1.1025848652162935,0.055236504998873275,235.83280086016052,17.75285163711532
25/03/2026,19:40:00,5.054982044199225,2.9797923695290836,0.0,1.782121738040177,0.09353316468026672,239.37196661179348,21.230924585636743
25/03/2026,19:41:00,4.689552718491403,2.987601733862437,0.0,1.3120854113478355,0.17417841871544437,235.69415114824778,19.696121417663893
25/03/2026,19:42:00,3.8863232079020147,2.2032146214401394,0.0,1.209161004173012,0.055428544177893606,241.97875238413403,16.32255747318846
25/03/2026,19:43:00,4.873485480412448,2.8034284836343994,0.0,1.8308749062824454,0.05481998209012373,238.21265290971124,20.468639017732283
25/03/2026,19:44:00,4.09056114188955,2.608207248126761,0.0,1.2175538911675923,0.1974721533110423,237.38380912844352,17.18035679593611
25/03/2026,19:45:00,4.6936765821902044,2.8000617383098154,0.0,1.5334954705460158,0.16495640436696168,239.76230253363153,19.71344164519886
25/03/2026,19:46:00,4.123359949825771,2.5336455894219654,0.0,1.361158217292458,0.12656209160749285,235.5861685102531,17.318111789268237
25/03/2026,19:47:00,3.551549356751343,2.0728638657932565,0.0,1.0038762858119985,0.030312991687988823,238.61776099084668,14.916507298355642
25/03/2026,19:48:00,4.21889472997111,2.7288238591783385,0.0,1.1847544779417312,0.02942416080041843,239.63573966021997,17.719357865878663
25/03/2026,19:49:00,3.4424662248877635,1.7634185929745774,0.0,1.2278238108087027,0.14695172556611202,236.38176290570115,14.458358144528608
25/03/2026,19:50:00,4.2920868605664415,2.1703158504835356,0.0,1.6969139494982053,0.03628808575845042,239.14356891379515,18.026764814379057
25/03/2026,19:51:00,3.5348984353221375,2.1347835159298363,0.0,1.0447644978020052,0.10432863816538723,238.90564028912237,14.846573428352979
25/03/2026,19:52:00,4.43803619865995,2.759084229502028,0.0,1.3669183124471664,0.05242336959428302,240.56135880523752,18.639752034371792
25/03/2026,19:53:00,3.730182683938333,2.1967946020271825,0.0,1.05507466156355,0.19394902696792984,240.26749577889402,15.666767272541
25/03/2026,19:54:00,3.1596899460906362,1.7620114204712582,0.0,1.0381098998525746,0.05554375609390847,237.49814958212238,13.270697773580673
25/03/2026,19:55:00,4.42938146236671,2.2091539495483077,0.0,1.8997800087595884,0.0478899915532985,239.30692213453446,18.60340214194018
25/03/2026,19:56:00,4.705529682741439,2.9482688769866425,0.0,1.438631705720637,0.03487777444853422,237.1602403555481,19.763224667514045
25/03/2026,19:57:00,4.375227048261065,2.0736587532732473,0.0,1.9956583568517507,0.016594524195726334,235.0858669439608,18.375953602696473
25/03/2026,19:58:00,4.611014778833701,2.505026820575829,0.0,1.6637492051421052,0.12519888532235787,239.90963259198685,19.366262071101545
25/03/2026,19:59:00,3.9683485886917254,2.4084011341213056,0.0,1.247215281831755,0.18478215005465476,237.5433775519122,16.667064072505248
25/03/2026,20:00:00,2.4146079797715974,0.0,0.0,1.9860626035807716,0.0651570435621079,236.3943496294093,10.14135351504071
25/03/2026,20:01:00,2.388049502702395,0.0,0.0,1.9032055351041284,0.16424465133743626,240.8730138735308,10.029807911350058
25/03/2026,20:02:00,2.2453811686060736,0.0,0.0,1.893468653480026,0.027437302801577926,236.03099329246533,9.430600908145509
25/03/2026,20:03:00,1.6037232642385457,0.0,0.0,1.121651950520074,0.09567010924639233,238.65016601025846,6.7356377098018925
25/03/2026,20:04:00,1.6463620981682492,0.0,0.0,1.44005010843557,0.059184366731684326,236.69093228114616,6.914720812306647
25/03/2026,20:05:00,2.135245934285858,0.0,0.0,1.8749772391264234,0.16917768864185673,239.97068587038984,8.968032924000603
25/03/2026,20:06:00,1.6284689233542253,0.0,0.0,1.4081025273315326,0.14909502951405706,237.75397018468402,6.839569478087746
25/03/2026,20:07:00,1.8610463633935443,0.0,0.0,1.3875415611971382,0.16041895572874376,235.35458895318055,7.816394726252887
25/03/2026,20:08:00,1.4323378255259582,0.0,0.0,1.1751065743122755,0.1691306551361893,236.00423533321708,6.015818867209025
25/03/2026,20:09:00,2.2967835912606174,0.0,0.0,1.8546633832668102,0.010789541290646399,235.55964652200763,9.646491083294594
25/03/2026,20:10:00,1.5631807377773574,0.0,0.0,1.2545840212232515,0.06069504176763829,240.98393124640063,6.565359098664902
25/03/2026,20:11:00,1.5979003386126527,0.0,0.0,1.2269517179339633,0.11750287368650475,237.73253211803268,6.711181422173142
25/03/2026,20:12:00,2.0209844128304213,0.0,0.0,1.8069212437652804,0.16761803863150507,235.066895574702,8.48813453388777
25/03/2026,20:13:00,2.178378050391513,0.0,0.0,1.8929363519470828,0.11937489403974028,238.50227799794126,9.149187811644355
25/03/2026,20:14:00,1.8308070416982098,0.0,0.0,1.421193570706494,0.10545907551901597,240.7773369094894,7.6893895751324814
25/03/2026,20:15:00,1.982369989507535,0.0,0.0,1.5588405997768846,0.08222318391857514,239.52192846234618,8.325953955931647
25/03/2026,20:16:00,2.0590479890594136,0.0,0.0,1.8232095097758805,0.08840275634697503,237.33284280336147,8.648001554049538
25/03/2026,20:17:00,1.3576050852544415,0.0,0.0,1.0558750521746978,0.03416853155780471,235.64962277540127,5.701941358068654
25/03/2026,20:18:00,1.6194407454219104,0.0,0.0,1.221311699813401,0.01778222877326958,235.84734268163533,6.801651130772024
25/03/2026,20:19:00,1.4219636517410879,0.0,0.0,1.2184181843521955,0.00928479243618281,236.60559668986087,5.972247337312569
25/03/2026,20:20:00,1.3858895770480062,0.0,0.0,1.1453930089282056,0.08028456237185336,238.03349032081604,5.820736223601626
25/03/2026,20:21:00,2.2474392350198773,0.0,0.0,1.9798578748543316,0.021426280058784553,239.48787845698934,9.439244787083485
25/03/2026,20:22:00,1.9669474180692212,0.0,0.0,1.6005937763761868,0.07492782484625563,235.14129551176617,8.26117915589073
25/03/2026,20:23:00,1.318770489351669,0.0,0.0,1.0424180527978555,0.09541984560683435,236.68169443581348,5.5388360552770095
25/03/2026,20:24:00,2.3518098722462404,0.0,0.0,1.9153522249460937,0.08684751516712477,241.78271523127353,9.87760146343421
25/03/2026,20:25:00,1.937736785540845,0.0,0.0,1.502185884053269,0.1780177515447535,239.7258799261096,8.138494499271548
25/03/2026,20:26:00,1.5131801767775748,0.0,0.0,1.1546145216524852,0.14955570036328936,241.06343113030354,6.355356742465815
25/03/2026,20:27:00,1.8679247806320056,0.0,0.0,1.395818899241879,0.1201454357944795,235.08652473683483,7.845284078654424
25/03/2026,20:28:00,2.4040869508416414,0.0,0.0,1.9332526518985511,0.12656066764836324,238.5478337734024,10.097165193534893
25/03/2026,20:29:00,2.2905072476477617,0.0,0.0,1.946279109456135,0.1424720286469868,241.20021052557112,9.6201304401206
25/03/2026,20:30:00,2.0069718333145374,0.0,0.0,1.5641704028183543,0.1313259595635866,236.5812008179487,8.429281699921058
25/03/2026,20:31:00,2.1293130632032815,0.0,0.0,1.7364920816329747,0.1760298024314905,236.85172543520017,8.943114865453783
25/03/2026,20:32:00,1.562607142610172,0.0,0.0,1.2548908570398047,0.15570608549282472,240.02817987317158,6.562949998962723
25/03/2026,20:33:00,1.397675860449039,0.0,0.0,1.1080471232093854,0.037379933041740435,237.18010410022043,5.870238613885964
25/03/2026,20:34:00,2.4733190981038446,0.0,0.0,1.984424506935253,0.13935867060441343,235.14099463470004,10.387940212036147
25/03/2026,20:35:00,2.0874674962881032,0.0,0.0,1.8016571898810545,0.11833575389451674,238.24534933783522,8.767363484410033
25/03/2026,20:36:00,1.9996380272345202,0.0,0.0,1.6748682179619032,0.15392473610325216,239.06444219442167,8.398479714384985
25/03/2026,20:37:00,1.7610096510345727,0.0,0.0,1.5241508314328844,0.034740350147298926,237.7092072632802,7.396240534345206
25/03/2026,20:38:00,1.8624917754571442,0.0,0.0,1.5816467829098801,0.05965200977377747,240.68323719111507,7.822465456920006
25/03/2026,20:39:00,2.12669164201314,0.0,0.0,1.6333004594563603,0.05241279880213748,239.59022990405043,8.932104896455188
25/03/2026,20:40:00,2.1492695942784046,0.0,0.0,1.7562795935884978,0.1425721922332993,240.48313877757218,9.0269322959693
25/03/2026,20:41:00,1.9466868949936773,0.0,0.0,1.6619025259987392,0.10369260019442857,237.5176610586415,8.176084958973446
25/03/2026,20:42:00,1.908768403815195,0.0,0.0,1.5821870886703882,0.08754432116837928,240.52840707068077,8.01682729602382
25/03/2026,20:43:00,1.5908234293291525,0.0,0.0,1.3349873045076563,0.1703471130282372,235.21110268497716,6.681458403182441
25/03/2026,20:44:00,1.3134736215251235,0.0,0.0,1.0557383987929718,0.029571500041952928,239.71109605151187,5.5165892104055185
25/03/2026,20:45:00,2.201689002098171,0.0,0.0,1.9035406298275177,0.07214295554874606,235.13625378160282,9.247093808812318
25/03/2026,20:46:00,1.9654565875301078,0.0,0.0,1.7046369285879384,0.019993800803137774,238.24229383185144,8.254917667626453
25/03/2026,20:47:00,1.606360675518825,0.0,0.0,1.2000212537439339,0.14924355415144094,241.986444695519,6.7467148371790655
25/03/2026,20:48:00,2.250756615749472,0.0,0.0,1.8121621991422163,0.00341423457898975,236.7329191461399,9.453177786147782
25/03/2026,20:49:00,1.3775744164677568,0.0,0.0,1.031444541720643,0.13115171765072126,240.43001589703672,5.785812549164579
25/03/2026,20:50:00,1.8512208317951964,0.0,0.0,1.4587806779492103,0.005539145091561105,238.14899215394726,7.775127493539825
25/03/2026,20:51:00,2.016250798233503,0.0,0.0,1.7522014489716793,0.1857701728190817,237.85686808544384,8.468253352580714
25/03/2026,20:52:00,1.9620241027367498,0.0,0.0,1.5185148177622583,0.11036437280829658,238.39966648226428,8.240501231494349
25/03/2026,20:53:00,1.8930276273530398,0.0,0.0,1.4775327615904534,0.011870785299479337,237.0405484538954,7.950716034882768
25/03/2026,20:54:00,2.158022561183929,0.0,0.0,1.8424952690530187,0.06046251472737092,235.2920761406275,9.063694756972502
25/03/2026,20:55:00,1.9376427140621357,0.0,0.0,1.7283304964244195,0.0360332534221814,236.0246988524157,8.13809939906097
25/03/2026,20:56:00,1.8668100965367764,0.0,0.0,1.633755566605108,0.010035983387214387,239.53761096786613,7.840602405454462
25/03/2026,20:57:00,1.4784081411145389,0.0,0.0,1.2782555522585675,0.008812482666769218,236.36001281618385,6.209314192681064
25/03/2026,20:58:00,2.1679707622039794,0.0,0.0,1.8869519483018795,0.054178765792318756,235.20079790743588,9.105477201256715
25/03/2026,20:59:00,1.7244087545920426,0.0,0.0,1.3950629575683031,0.03564972196991478,237.44327477439955,7.2425167692865795
25/03/2026,21:00:00,1.6612822168840882,0.0,0.0,1.1934090213089898,0.06858424596404222,238.26180688168836,6.977385310913171
25/03/2026,21:01:00,1.5812010193741073,0.0,0.0,1.139711866150243,0.028611503747060386,236.28426367855587,6.641044281371251
25/03/2026,21:02:00,2.0368778469064206,0.0,0.0,1.7243691590985546,0.14386969373800396,238.18107176026248,8.554886957006968
25/03/2026,21:03:00,1.7678998457257666,0.0,0.0,1.2889151776459733,0.04995492796859191,237.11482176022767,7.42517935204822
25/03/2026,21:04:00,1.7366743296379674,0.0,0.0,1.4602825915782929,0.11031542877083536,240.83947722985488,7.294032184479463
25/03/2026,21:05:00,1.9075298762721435,0.0,0.0,1.6618206991052262,0.03249494446508017,237.9135693299816,8.011625480343003
25/03/2026,21:06:00,2.2002618484605323,0.0,0.0,1.7380695742153667,0.12954076750252877,241.16931426504243,9.241099763534237
25/03/2026,21:07:00,2.0046023826439656,0.0,0.0,1.5050302503028115,0.03214719680674005,237.2616159019907,8.419330007104657
25/03/2026,21:08:00,1.9704545680987855,0.0,0.0,1.6308800133683987,0.1095385771448836,241.449073137537,8.2759091860149
25/03/2026,21:09:00,2.0867462810765005,0.0,0.0,1.606531073210582,0.06067310953608194,240.87941840421166,8.764334380521303
25/03/2026,21:10:00,1.5816162133450002,0.0,0.0,1.1751993100029676,0.18641937543874118,241.73996542625355,6.642788096049001
25/03/2026,21:11:00,2.0977111655307508,0.0,0.0,1.6018527838146093,0.008268681247024623,237.48882347781236,8.810386895229154
25/03/2026,21:12:00,2.0565167636685375,0.0,0.0,1.7495768593375312,0.17635575207944376,239.90604230365255,8.637370407407857
25/03/2026,21:13:00,1.3661834060182734,0.0,0.0,1.0145753785955298,0.17391956042460413,236.78381774115593,5.737970305276749
25/03/2026,21:14:00,2.1007896506622883,0.0,0.0,1.6864484023863358,0.12817606161721823,236.72596018184132,8.823316532781611
25/03/2026,21:15:00,2.0481911704620894,0.0,0.0,1.6774847080065447,0.11836045233619735,241.553087991619,8.602402915940775
25/03/2026,21:16:00,1.8215919114594898,0.0,0.0,1.440101091342548,0.007459017152138725,241.28754686009665,7.650686028129858
25/03/2026,21:17:00,1.7665161768388677,0.0,0.0,1.353431750898317,0.11247095601281934,240.62301713176657,7.419367942723245
25/03/2026,21:18:00,1.8258904550305202,0.0,0.0,1.4837897661788906,0.0029533255851431407,237.6874565551586,7.668739911128185
25/03/2026,21:19:00,1.598951722938555,0.0,0.0,1.3748890327093477,0.13950172061602836,239.09805325631729,6.715597236341932
25/03/2026,21:20:00,2.1878028501769347,0.0,0.0,1.7878894897986868,0.14629920098485452,237.23148405381443,9.188771970743126
25/03/2026,21:21:00,1.5042046387675354,0.0,0.0,1.067797002775694,0.04743805596555439,239.25439500992186,6.317659482823649
25/03/2026,21:22:00,1.5543976136788058,0.0,0.0,1.1785146970764189,0.0251091365011626,236.44285975549946,6.5284699774509845
25/03/2026,21:23:00,1.8307125904465484,0.0,0.0,1.4218272638991716,0.17088675185493116,239.1994914231363,7.688992879875504
25/03/2026,21:24:00,1.6628973585941647,0.0,0.0,1.274723242419587,0.0640630300789936,235.56524571474694,6.9841689060954915
25/03/2026,21:25:00,1.8981500526445438,0.0,0.0,1.6230621611428853,0.06588108736355379,240.65704492678685,7.972230221107084
25/03/2026,21:26:00,1.9085409534077176,0.0,0.0,1.4304788515139648,0.05727682481938661,238.1918237849555,8.015872004312413
25/03/2026,21:27:00,2.0179308813328922,0.0,0.0,1.7537140618704932,0.03514362136385274,240.64057957627466,8.475309701598148
25/03/2026,21:28:00,1.7705337397761052,0.0,0.0,1.5189961779682883,0.028977988327187412,238.52087679973684,7.436241707059642
25/03/2026,21:29:00,2.0780449358544764,0.0,0.0,1.6844622995806944,0.11890295932562452,239.24979500982437,8.7277887305888
25/03/2026,21:30:00,2.3577884931176616,0.0,0.0,1.8596508847966886,0.17789668992983823,235.66292090143764,9.90271167109418
25/03/2026,21:31:00,2.178282488716241,0.0,0.0,1.8810269902307681,0.0019081016775622129,237.29623365704975,9.148786452608213
25/03/2026,21:32:00,1.4762861829443992,0.0,0.0,1.0672770684827224,0.0012186729420772036,236.87669653867408,6.200401968366477
25/03/2026,21:33:00,2.3573208683284683,0.0,0.0,1.9596611719036272,0.027915522432232078,235.30218617929472,9.900747646979568
25/03/2026,21:34:00,1.6157870318742071,0.0,0.0,1.3416680767080054,0.13205482164421387,238.8413500522021,6.78630553387167
25/03/2026,21:35:00,2.0770953869066346,0.0,0.0,1.7293162058986837,0.027312093459851108,236.02858772978885,8.723800625007867
25/03/2026,21:36:00,1.4874456616787737,0.0,0.0,1.0724842198509497,0.0659897934034565,241.09343984584856,6.24727177905085
25/03/2026,21:37:00,1.9094325669002346,0.0,0.0,1.5605229888202699,0.1636833875594464,237.2618981991009,8.019616780980986
25/03/2026,21:38:00,2.2213159871699104,0.0,0.0,1.7951862291653713,0.1323592855533038,240.54744452162518,9.329527146113625
25/03/2026,21:39:00,1.9468928741443805,0.0,0.0,1.5849903602876507,0.18885219355750754,238.55082279045084,8.176950071406399
25/03/2026,21:40:00,1.7898810781899896,0.0,0.0,1.5330334725273316,0.006324089107165776,235.17718173366492,7.517500528397957
25/03/2026,21:41:00,2.134839755916296,0.0,0.0,1.7271640759777696,0.049694986070988656,241.19870489026013,8.966326974848444
25/03/2026,21:42:00,1.701245984664931,0.0,0.0,1.435680082712973,0.05308336440797504,240.9192451100972,7.145233135592711
25/03/2026,21:43:00,2.184173230489718,0.0,0.0,1.8382236705434996,0.1862533550474214,239.79279225173767,9.173527568056816
25/03/2026,21:44:00,2.2193405828305606,0.0,0.0,1.7602698487834973,0.10397180857799758,236.42765186072833,9.321230447888356
25/03/2026,21:45:00,1.8852675709222824,0.0,0.0,1.4232029390093275,0.09424416984278727,239.9967971640853,7.918123797873586
25/03/2026,21:46:00,2.0312704063897087,0.0,0.0,1.6521195314129464,0.17580522141855504,235.92121428407577,8.531335706836776
25/03/2026,21:47:00,1.639540309134604,0.0,0.0,1.2284962630927327,0.052955199607333484,240.16329621539958,6.886069298365337
25/03/2026,21:48:00,1.4781850346967629,0.0,0.0,1.1625629602744851,0.06314618377492476,236.26046764114798,6.208377145726405
25/03/2026,21:49:00,1.5722394699196738,0.0,0.0,1.0804883971372297,0.011300791579806901,241.51901461917376,6.60340577366263
25/03/2026,21:50:00,1.8162711717114233,0.0,0.0,1.5602024924025586,0.13053158783911778,240.27590170039497,7.628338921187978
25/03/2026,21:51:00,1.9539044419025464,0.0,0.0,1.6400481693015414,0.061291041375748284,238.04273329277325,8.206398655990695
25/03/2026,21:52:00,1.7181860588250601,0.0,0.0,1.4666856508331336,0.010746034615681223,238.10417463618504,7.2163814470652525
25/03/2026,21:53:00,1.5772881204960387,0.0,0.0,1.12415050259062,0.13675647940697638,235.9030640352649,6.624610106083363
25/03/2026,21:54:00,2.284493606491872,0.0,0.0,1.9821047056477368,0.061921714712652155,238.35248543441537,9.594873147265863
25/03/2026,21:55:00,1.8852345739230985,0.0,0.0,1.3981285344930172,0.16551768958989643,236.87543278260372,7.917985210477013
25/03/2026,21:56:00,1.416269476780308,0.0,0.0,1.2077351699899916,0.06978416427650307,237.64830749016343,5.948331802477293
25/03/2026,21:57:00,1.9167828801757656,0.0,0.0,1.5237420184709436,0.13326667277554352,240.1198259660329,8.050488096738215
25/03/2026,21:58:00,1.5521927727495493,0.0,0.0,1.1721782601666828,0.09916266874850282,239.40910627295577,6.5192096455481074
25/03/2026,21:59:00,1.8517483574060518,0.0,0.0,1.5409804094189177,0.012640300251355386,236.52581750257008,7.777343101105418
25/03/2026,22:00:00,0.3934668174645969,0.0,0.0,0.0,0.1546204579126479,235.10064986645617,1.652560633351307
25/03/2026,22:01:00,0.23781337155585727,0.0,0.0,0.0,0.10621295613857668,236.7469216686491,0.9988161605346005
25/03/2026,22:02:00,0.39335977844027736,0.0,0.0,0.0,0.0053086931577677856,236.25455389477696,1.652111069449165
25/03/2026,22:03:00,0.38881577904003506,0.0,0.0,0.0,0.18090607125205757,238.98061496321057,1.6330262719681474
25/03/2026,22:04:00,0.36208511349691047,0.0,0.0,0.0,0.09089984040515041,235.15284423805903,1.520757476687024
25/03/2026,22:05:00,0.43161194427628047,0.0,0.0,0.0,0.1399705585730576,235.38370737723483,1.812770165960378
25/03/2026,22:06:00,0.22133248236200478,0.0,0.0,0.0,0.02136394518492726,239.58312594948748,0.9295964259204201
25/03/2026,22:07:00,0.3888439092964452,0.0,0.0,0.0,0.06658953070000843,239.03016646196227,1.63314441904507
25/03/2026,22:08:00,0.4332006401397299,0.0,0.0,0.0,0.0729078763666372,239.5903075762159,1.8194426885868658
25/03/2026,22:09:00,0.4288236827906893,0.0,0.0,0.0,0.10720255060068601,238.50153483832614,1.801059467720895
25/03/2026,22:10:00,0.2767739533053377,0.0,0.0,0.0,0.08493840410517539,235.8228878473749,1.1624506038824185
25/03/2026,22:11:00,0.4596517788946838,0.0,0.0,0.0,0.10061006858100777,241.0592833456551,1.930537471357672
25/03/2026,22:12:00,0.2456635787610282,0.0,0.0,0.0,0.15992888945742267,240.96091791007117,1.0317870307963186
25/03/2026,22:13:00,0.2904480154734368,0.0,0.0,0.0,0.08331069759651388,238.69503569978403,1.2198816649884345
25/03/2026,22:14:00,0.21451033037373152,0.0,0.0,0.0,0.10348253640981937,238.0561229823015,0.9009433875696724
25/03/2026,22:15:00,0.2650868369100624,0.0,0.0,0.0,0.07932563822755608,237.51131468406962,1.113364715022262
25/03/2026,22:16:00,0.49466250280772583,0.0,0.0,0.0,0.08194022242283756,240.7195121287728,2.0775825117924485
25/03/2026,22:17:00,0.43481865846433554,0.0,0.0,0.0,0.12970857001487657,241.05697199945868,1.8262383655502092
25/03/2026,22:18:00,0.281107133432255,0.0,0.0,0.0,0.1997598759742979,236.7175864660084,1.1806499604154712
25/03/2026,22:19:00,0.36146492611035164,0.0,0.0,0.0,0.14792517810108372,241.16663974183817,1.518152689663477
25/03/2026,22:20:00,0.4080323176834585,0.0,0.0,0.0,0.13262198609781092,236.18897168651435,1.7137357342705257
25/03/2026,22:21:00,0.46758143499742555,0.0,0.0,0.0,0.02515210232428451,239.01161960571824,1.9638420269891874
25/03/2026,22:22:00,0.41569351697441015,0.0,0.0,0.0,0.18177763140676798,241.47180504940124,1.7459127712925226
25/03/2026,22:23:00,0.24556820766454054,0.0,0.0,0.0,0.057492215646597344,235.6462967303988,1.0313864721910704
25/03/2026,22:24:00,0.4673954678225875,0.0,0.0,0.0,0.1647643975168489,238.78266758979214,1.9630609648548676
25/03/2026,22:25:00,0.29689303699831077,0.0,0.0,0.0,0.194217892338403,237.13095009979767,1.2469507553929053
25/03/2026,22:26:00,0.3988042286747484,0.0,0.0,0.0,0.02715160058407509,239.62787053028342,1.6749777604339433
25/03/2026,22:27:00,0.4729678629049462,0.0,0.0,0.0,0.07233495984867395,236.35420534960062,1.986465024200774
25/03/2026,22:28:00,0.2895031810219578,0.0,0.0,0.0,0.056792910171916344,236.81775117881767,1.215913360292223
25/03/2026,22:29:00,0.2170259573418468,0.0,0.0,0.0,0.04859691876179695,239.6381574836968,0.9115090208357566
25/03/2026,22:30:00,0.44865077825942246,0.0,0.0,0.0,0.09105177260290637,235.62338030241952,1.8843332686895744
25/03/2026,22:31:00,0.4548354532449356,0.0,0.0,0.0,0.11113296023384067,236.40279833573214,1.9103089036287295
25/03/2026,22:32:00,0.20268044637301635,0.0,0.0,0.0,0.19291642934331024,236.44174315009195,0.8512578747666687
25/03/2026,22:33:00,0.44459097777523116,0.0,0.0,0.0,0.12380269785430034,237.3813225445992,1.8672821066559708
25/03/2026,22:34:00,0.24355114351834817,0.0,0.0,0.0,0.16125678872829077,235.2919580365611,1.0229148027770623
25/03/2026,22:35:00,0.3173679489401813,0.0,0.0,0.0,0.059334675395750526,235.8944822204397,1.3329453855487614
25/03/2026,22:36:00,0.3734761225487955,0.0,0.0,0.0,0.010177566938816064,241.43690470694602,1.568599714704941
25/03/2026,22:37:00,0.2472474033754972,0.0,0.0,0.0,0.19471835481404226,240.0560567490994,1.0384390941770882
25/03/2026,22:38:00,0.39446414753131565,0.0,0.0,0.0,0.1160540244356247,241.60124731736593,1.6567494196315258
25/03/2026,22:39:00,0.2678275966499048,0.0,0.0,0.0,0.06527308496959738,239.21663595528042,1.1248759059296003
25/03/2026,22:40:00,0.4917434527049126,0.0,0.0,0.0,0.14079343582416246,240.45302517810137,2.065322501360633
25/03/2026,22:41:00,0.4920688668152596,0.0,0.0,0.0,0.106245609284144,237.87170657686912,2.06668924062409
25/03/2026,22:42:00,0.25436096060262864,0.0,0.0,0.0,0.01756043944712804,241.26430622213044,1.0683160345310403
25/03/2026,22:43:00,0.37999668407431353,0.0,0.0,0.0,0.18775373395725695,239.56928130352804,1.595986073112117
25/03/2026,22:44:00,0.36256294358197516,0.0,0.0,0.0,0.06789623060656035,238.33212499015661,1.5227643630442957
25/03/2026,22:45:00,0.3133448517142978,0.0,0.0,0.0,0.1722730136844965,238.7046009388845,1.3160483772000509
25/03/2026,22:46:00,0.49851250689753507,0.0,0.0,0.0,0.11186793865384509,237.05371049688702,2.0937525289696475
25/03/2026,22:47:00,0.43174545744584636,0.0,0.0,0.0,0.059807056503742184,235.43560026527396,1.8133309212725548
25/03/2026,22:48:00,0.32775538970903484,0.0,0.0,0.0,0.1494330464183787,237.7611857995675,1.3765726367779463
25/03/2026,22:49:00,0.4742570556286639,0.0,0.0,0.0,0.18502006384512132,236.411098507878,1.9918796336403883
25/03/2026,22:50:00,0.229991965463982,0.0,0.0,0.0,0.14368428089434282,240.6913669392026,0.9659662549487245
25/03/2026,22:51:00,0.31139143214081155,0.0,0.0,0.0,0.18510579464866517,235.24639761905286,1.3078440149914086
25/03/2026,22:52:00,0.39339419745477633,0.0,0.0,0.0,0.10578816318971146,241.4522360034634,1.6522556293100608
25/03/2026,22:53:00,0.4820508109176534,0.0,0.0,0.0,0.08346807436854434,235.5394110369533,2.0246134058541445
25/03/2026,22:54:00,0.48276537384967766,0.0,0.0,0.0,0.1223477753524259,239.27932022970975,2.0276145701686463
25/03/2026,22:55:00,0.4978989925284503,0.0,0.0,0.0,0.09405886456181636,235.4497815350237,2.0911757686194914
25/03/2026,22:56:00,0.4256380113476965,0.0,0.0,0.0,0.11769917492562226,237.59239073524628,1.7876796476603254
25/03/2026,22:57:00,0.27725360838902885,0.0,0.0,0.0,0.02913318627035646,237.67521404945956,1.1644651552339211
25/03/2026,22:58:00,0.44208034691938736,0.0,0.0,0.0,0.03418682345610713,239.7808410456218,1.856737457061427
25/03/2026,22:59:00,0.24223692252466492,0.0,0.0,0.0,0.07320249314070015,241.97753881839904,1.0173950746035927
25/03/2026,23:00:00,0.3123594314783537,0.0,0.0,0.0,0.15962475227779097,237.12454677254323,1.3119096122090856
25/03/2026,23:01:00,0.4299187336755559,0.0,0.0,0.0,0.0678409298072632,241.60112975190944,1.8056586814373348
25/03/2026,23:02:00,0.2641625566339829,0.0,0.0,0.0,0.009874453836179709,238.54427533066297,1.1094827378627283
25/03/2026,23:03:00,0.4330589538723222,0.0,0.0,0.0,0.1758975449260495,236.42598018330642,1.8188476062637533
25/03/2026,23:04:00,0.39085429745777744,0.0,0.0,0.0,0.1731704931443692,237.7388953929851,1.6415880493226653
25/03/2026,23:05:00,0.4222508520892324,0.0,0.0,0.0,0.174404157643824,235.71129584682194,1.7734535787747763
25/03/2026,23:06:00,0.4759802484968913,0.0,0.0,0.0,0.05001959648921295,237.2936594736749,1.9991170436869437
25/03/2026,23:07:00,0.3391687708904241,0.0,0.0,0.0,0.0560333608520863,236.67370421102922,1.4245088377397812
25/03/2026,23:08:00,0.3290367558112397,0.0,0.0,0.0,0.15140742387729822,235.53230847244683,1.3819543744072067
25/03/2026,23:09:00,0.3623938498042202,0.0,0.0,0.0,0.09859331937176696,239.69420029487262,1.5220541691777247
25/03/2026,23:10:00,0.3341531581037071,0.0,0.0,0.0,0.05669875470158521,241.19730738261592,1.4034432640355698
25/03/2026,23:11:00,0.3175039742749116,0.0,0.0,0.0,0.07156311544357262,237.48267950250158,1.3335166919546289
25/03/2026,23:12:00,0.4058321446906913,0.0,0.0,0.0,0.014073797497894681,240.89333675111197,1.7044950077009036
25/03/2026,23:13:00,0.35271133069161537,0.0,0.0,0.0,0.057559840685693336,235.48076641289148,1.4813875889047845
25/03/2026,23:14:00,0.47209520179127745,0.0,0.0,0.0,0.15103256284214517,235.82541754317253,1.9827998475233655
25/03/2026,23:15:00,0.26379173165683556,0.0,0.0,0.0,0.1066625878357427,237.88495154961822,1.1079252729587095
25/03/2026,23:16:00,0.36044959649970953,0.0,0.0,0.0,0.10677122048339881,237.82049156744824,1.5138883052987802
25/03/2026,23:17:00,0.24711772020839542,0.0,0.0,0.0,0.06758246304531267,237.8811965165198,1.0378944248752608
25/03/2026,23:18:00,0.42652023656658433,0.0,0.0,0.0,0.042955538700681674,238.66555160447635,1.7913849935796542
25/03/2026,23:19:00,0.48507275839080755,0.0,0.0,0.0,0.15643355942905113,235.10491742873648,2.0373055852413917
25/03/2026,23:20:00,0.32162010630235344,0.0,0.0,0.0,0.10943039748769799,235.9720787386848,1.3508044464698845
25/03/2026,23:21:00,0.24326806146902843,0.0,0.0,0.0,0.16756182342593529,239.9880320710649,1.0217258581699196
25/03/2026,23:22:00,0.3441690008343423,0.0,0.0,0.0,0.19996949756783414,237.26732086547725,1.4455098035042377
25/03/2026,23:23:00,0.31712015627272394,0.0,0.0,0.0,0.04905915159132293,235.98063253990279,1.3319046563454406
25/03/2026,23:24:00,0.3996858490834162,0.0,0.0,0.0,0.0932115696420322,236.63319628270844,1.678680566150348
25/03/2026,23:25:00,0.4213423088819016,0.0,0.0,0.0,0.10137038584350505,237.30271607572791,1.769637697303987
25/03/2026,23:26:00,0.39987320935633763,0.0,0.0,0.0,0.10319865745716253,240.11550033503448,1.6794674792966182
25/03/2026,23:27:00,0.4457605398278459,0.0,0.0,0.0,0.1560579775503348,240.6440223451,1.872194267276953
25/03/2026,23:28:00,0.4599693039987089,0.0,0.0,0.0,0.0936530666680381,238.11212489438785,1.9318710767945775
25/03/2026,23:29:00,0.22691817284477145,0.0,0.0,0.0,0.13925817075350952,241.25300433517128,0.9530563259480401
25/03/2026,23:30:00,0.39670457879868015,0.0,0.0,0.0,0.07014166705092462,237.41369849092996,1.6661592309544566
25/03/2026,23:31:00,0.29403229369558903,0.0,0.0,0.0,0.1814523314682813,238.4150740967498,1.234935633521474
25/03/2026,23:32:00,0.2872068895547942,0.0,0.0,0.0,0.06957602362755684,239.18618731921546,1.2062689361301355
25/03/2026,23:33:00,0.24017819751757624,0.0,0.0,0.0,0.11290511440004683,240.57724627233134,1.0087484295738203
25/03/2026,23:34:00,0.30333742731986796,0.0,0.0,0.0,0.013570680196040531,240.47331666848552,1.2740171947434455
25/03/2026,23:35:00,0.33304180976696646,0.0,0.0,0.0,0.01818509934918644,241.28347547588652,1.398775601021259
25/03/2026,23:36:00,0.24685267488041018,0.0,0.0,0.0,0.009035930541642312,236.9177973127879,1.0367812344977227
25/03/2026,23:37:00,0.25458645337877966,0.0,0.0,0.0,0.03998045615300097,239.90222498676027,1.0692631041908747
25/03/2026,23:38:00,0.302549082968878,0.0,0.0,0.0,0.1470567941932626,238.29440109047675,1.2707061484692876
25/03/2026,23:39:00,0.2808381586068942,0.0,0.0,0.0,0.05419989903372713,237.55030448876366,1.1795202661489557
25/03/2026,23:40:00,0.3210341523644559,0.0,0.0,0.0,0.13197611287198863,235.26051929171686,1.348343439930715
25/03/2026,23:41:00,0.2974611368359123,0.0,0.0,0.0,0.12957329316502872,241.08815419688315,1.2493367747108317
25/03/2026,23:42:00,0.4763733890781926,0.0,0.0,0.0,0.18639889295713138,237.28183464077813,2.000768234128409
25/03/2026,23:43:00,0.3493548988416917,0.0,0.0,0.0,0.08443461256306287,241.8635739596684,1.467290575135105
25/03/2026,23:44:00,0.46914060644380234,0.0,0.0,0.0,0.0999256882504084,235.04380716501538,1.97039054706397
25/03/2026,23:45:00,0.23781862600113407,0.0,0.0,0.0,0.18750366634639468,241.44507147850544,0.9988382292047632
25/03/2026,23:46:00,0.4378517600643135,0.0,0.0,0.0,0.015599367113922735,236.90666260645358,1.8389773922701167
25/03/2026,23:47:00,0.2254481896086205,0.0,0.0,0.0,0.14047506252326428,241.0869858063352,0.9468823963562062
25/03/2026,23:48:00,0.29104091573461965,0.0,0.0,0.0,0.006516410168021337,240.06056876166903,1.2223718460854025
25/03/2026,23:49:00,0.40315481577933443,0.0,0.0,0.0,0.014303051133080969,240.12053262480129,1.6932502262732048
25/03/2026,23:50:00,0.3295273354502155,0.0,0.0,0.0,0.12100657382670421,237.48490672476123,1.3840148088909052
25/03/2026,23:51:00,0.23503472820123134,0.0,0.0,0.0,0.18933179707360714,235.80993673942456,0.9871458584451717
25/03/2026,23:52:00,0.44874628748738143,0.0,0.0,0.0,0.10829604437125039,238.42682004613073,1.884734407447002
25/03/2026,23:53:00,0.42586337320197454,0.0,0.0,0.0,0.1440873857720867,237.75608992620423,1.788626167448293
25/03/2026,23:54:00,0.4533879287807634,0.0,0.0,0.0,0.19819501837484102,240.6890873014322,1.9042293008792064
25/03/2026,23:55:00,0.2617448291478875,0.0,0.0,0.0,0.10850273098803753,237.9883667892868,1.0993282824211275
25/03/2026,23:56:00,0.39017200446116873,0.0,0.0,0.0,0.010868685874275363,240.48103142089082,1.6387224187369087
25/03/2026,23:57:00,0.3390570446029586,0.0,0.0,0.0,0.16503625118943738,239.89332419675443,1.424039587332426
25/03/2026,23:58:00,0.3746267151637567,0.0,0.0,0.0,0.013552824977835677,236.38990869077006,1.5734322036877781
25/03/2026,23:59:00,0.38151202676642115,0.0,0.0,0.0,0.1877012072866338,238.81155537868625,1.602350512418969
